<?xml version="1.0" encoding="UTF-8"?>
<mdbTest>
    <mdxQuery>select {[Product].[Product Family].members} on columns,  {[Store].[Store Name].members} properties [Store].[Store Sqft] on rows  from [Sales]      where([Measures].[Unit Sales])</mdxQuery>
    <dataResult>
        <slicer>
            <dimensions>
                <dim>[Measures]</dim>
                <dim>[Time]</dim>
                <dim>[Store Size in SQFT]</dim>
                <dim>[Store Type]</dim>
                <dim>[Promotions]</dim>
                <dim>[Customers]</dim>
                <dim>[Education Level]</dim>
                <dim>[Marital Status]</dim>
                <dim>[Yearly Income]</dim>
                <dim>[Promotion Media]</dim>
                <dim>[Gender]</dim>
            </dimensions>
            <tuples>
                <tuple>
                    <member>[Measures].[Unit Sales]</member>
                    <member>[Time].[1997]</member>
                    <member>[Store Size in SQFT].[All Store Size in SQFTs]</member>
                    <member>[Store Type].[All Store Types]</member>
                    <member>[Promotions].[All Promotions]</member>
                    <member>[Customers].[All Customers]</member>
                    <member>[Education Level].[All Education Levels]</member>
                    <member>[Marital Status].[All Marital Status]</member>
                    <member>[Yearly Income].[All Yearly Incomes]</member>
                    <member>[Promotion Media].[All Media]</member>
                    <member>[Gender].[All Gender]</member>
                </tuple>
            </tuples>
        </slicer>
        <columns>
            <dimensions>
                <dim>[Product]</dim>
            </dimensions>
            <tuples>
                <tuple>
                    <member>[Product].[Drink]</member>
                </tuple>
                <tuple>
                    <member>[Product].[Food]</member>
                </tuple>
                <tuple>
                    <member>[Product].[Non-Consumable]</member>
                </tuple>
            </tuples>
        </columns>
        <rows>
            <dimensions>
                <dim>[Store]</dim>
            </dimensions>
            <tuples>
                <tuple>
                    <member>[Store].[Canada].[BC].[Vancouver].[Store 19]</member>
                </tuple>
                <tuple>
                    <member>[Store].[Canada].[BC].[Victoria].[Store 20]</member>
                </tuple>
                <tuple>
                    <member>[Store].[Mexico].[DF].[Mexico City].[Store 9]</member>
                </tuple>
                <tuple>
                    <member>[Store].[Mexico].[DF].[San Andres].[Store 21]</member>
                </tuple>
                <tuple>
                    <member>[Store].[Mexico].[Guerrero].[Acapulco].[Store 1]</member>
                </tuple>
                <tuple>
                    <member>[Store].[Mexico].[Jalisco].[Guadalajara].[Store 5]</member>
                </tuple>
                <tuple>
                    <member>[Store].[Mexico].[Veracruz].[Orizaba].[Store 10]</member>
                </tuple>
                <tuple>
                    <member>[Store].[Mexico].[Yucatan].[Merida].[Store 8]</member>
                </tuple>
                <tuple>
                    <member>[Store].[Mexico].[Zacatecas].[Camacho].[Store 4]</member>
                </tuple>
                <tuple>
                    <member>[Store].[Mexico].[Zacatecas].[Hidalgo].[Store 12]</member>
                </tuple>
                <tuple>
                    <member>[Store].[Mexico].[Zacatecas].[Hidalgo].[Store 18]</member>
                </tuple>
                <tuple>
                    <member>[Store].[USA].[CA].[Alameda].[HQ]</member>
                </tuple>
                <tuple>
                    <member>[Store].[USA].[CA].[Beverly Hills].[Store 6]</member>
                </tuple>
                <tuple>
                    <member>[Store].[USA].[CA].[Los Angeles].[Store 7]</member>
                </tuple>
                <tuple>
                    <member>[Store].[USA].[CA].[San Diego].[Store 24]</member>
                </tuple>
                <tuple>
                    <member>[Store].[USA].[CA].[San Francisco].[Store 14]</member>
                </tuple>
                <tuple>
                    <member>[Store].[USA].[OR].[Portland].[Store 11]</member>
                </tuple>
                <tuple>
                    <member>[Store].[USA].[OR].[Salem].[Store 13]</member>
                </tuple>
                <tuple>
                    <member>[Store].[USA].[WA].[Bellingham].[Store 2]</member>
                </tuple>
                <tuple>
                    <member>[Store].[USA].[WA].[Bremerton].[Store 3]</member>
                </tuple>
                <tuple>
                    <member>[Store].[USA].[WA].[Seattle].[Store 15]</member>
                </tuple>
                <tuple>
                    <member>[Store].[USA].[WA].[Spokane].[Store 16]</member>
                </tuple>
                <tuple>
                    <member>[Store].[USA].[WA].[Tacoma].[Store 17]</member>
                </tuple>
                <tuple>
                    <member>[Store].[USA].[WA].[Walla Walla].[Store 22]</member>
                </tuple>
                <tuple>
                    <member>[Store].[USA].[WA].[Yakima].[Store 23]</member>
                </tuple>
            </tuples>
        </rows>
        <data>
            <drow>
                <cell>#Missing</cell>
                <cell>#Missing</cell>
                <cell>#Missing</cell>
            </drow>
            <drow>
                <cell>#Missing</cell>
                <cell>#Missing</cell>
                <cell>#Missing</cell>
            </drow>
            <drow>
                <cell>#Missing</cell>
                <cell>#Missing</cell>
                <cell>#Missing</cell>
            </drow>
            <drow>
                <cell>#Missing</cell>
                <cell>#Missing</cell>
                <cell>#Missing</cell>
            </drow>
            <drow>
                <cell>#Missing</cell>
                <cell>#Missing</cell>
                <cell>#Missing</cell>
            </drow>
            <drow>
                <cell>#Missing</cell>
                <cell>#Missing</cell>
                <cell>#Missing</cell>
            </drow>
            <drow>
                <cell>#Missing</cell>
                <cell>#Missing</cell>
                <cell>#Missing</cell>
            </drow>
            <drow>
                <cell>#Missing</cell>
                <cell>#Missing</cell>
                <cell>#Missing</cell>
            </drow>
            <drow>
                <cell>#Missing</cell>
                <cell>#Missing</cell>
                <cell>#Missing</cell>
            </drow>
            <drow>
                <cell>#Missing</cell>
                <cell>#Missing</cell>
                <cell>#Missing</cell>
            </drow>
            <drow>
                <cell>#Missing</cell>
                <cell>#Missing</cell>
                <cell>#Missing</cell>
            </drow>
            <drow>
                <cell>#Missing</cell>
                <cell>#Missing</cell>
                <cell>#Missing</cell>
            </drow>
            <drow>
                <cell>1945.0</cell>
                <cell>15438.0</cell>
                <cell>3950.0</cell>
            </drow>
            <drow>
                <cell>2422.0</cell>
                <cell>18294.0</cell>
                <cell>4947.0</cell>
            </drow>
            <drow>
                <cell>2560.0</cell>
                <cell>18369.0</cell>
                <cell>4706.0</cell>
            </drow>
            <drow>
                <cell>175.0</cell>
                <cell>1555.0</cell>
                <cell>387.0</cell>
            </drow>
            <drow>
                <cell>2371.0</cell>
                <cell>18632.0</cell>
                <cell>5076.0</cell>
            </drow>
            <drow>
                <cell>3735.0</cell>
                <cell>29905.0</cell>
                <cell>7940.0</cell>
            </drow>
            <drow>
                <cell>208.0</cell>
                <cell>1587.0</cell>
                <cell>442.0</cell>
            </drow>
            <drow>
                <cell>2288.0</cell>
                <cell>17809.0</cell>
                <cell>4479.0</cell>
            </drow>
            <drow>
                <cell>2213.0</cell>
                <cell>18159.0</cell>
                <cell>4639.0</cell>
            </drow>
            <drow>
                <cell>2238.0</cell>
                <cell>16925.0</cell>
                <cell>4428.0</cell>
            </drow>
            <drow>
                <cell>3092.0</cell>
                <cell>25453.0</cell>
                <cell>6712.0</cell>
            </drow>
            <drow>
                <cell>191.0</cell>
                <cell>1622.0</cell>
                <cell>390.0</cell>
            </drow>
            <drow>
                <cell>1159.0</cell>
                <cell>8192.0</cell>
                <cell>2140.0</cell>
            </drow>
        </data>
    </dataResult>
</mdbTest>
