<?xml version="1.0" encoding="UTF-8"?>
<mdbTest>
    <mdxQuery>with member [Measures].[Test] as'iif ([Promotions].CurrentMember.level.name = "(All)","Top","Not Top")' Select {[Measures].[Test]} on columns, [Promotions].members on rows from [Sales]</mdxQuery>
    <dataResult>
        <slicer>
            <dimensions>
                <dim>[Time]</dim>
                <dim>[Product]</dim>
                <dim>[Store]</dim>
                <dim>[Store Size in SQFT]</dim>
                <dim>[Store Type]</dim>
                <dim>[Customers]</dim>
                <dim>[Education Level]</dim>
                <dim>[Marital Status]</dim>
                <dim>[Yearly Income]</dim>
                <dim>[Promotion Media]</dim>
                <dim>[Gender]</dim>
            </dimensions>
            <tuples>
                <tuple>
                    <member>[Time].[1997]</member>
                    <member>[Product].[All Products]</member>
                    <member>[Store].[All Stores]</member>
                    <member>[Store Size in SQFT].[All Store Size in SQFTs]</member>
                    <member>[Store Type].[All Store Types]</member>
                    <member>[Customers].[All Customers]</member>
                    <member>[Education Level].[All Education Levels]</member>
                    <member>[Marital Status].[All Marital Status]</member>
                    <member>[Yearly Income].[All Yearly Incomes]</member>
                    <member>[Promotion Media].[All Media]</member>
                    <member>[Gender].[All Gender]</member>
                </tuple>
            </tuples>
        </slicer>
        <columns>
            <dimensions>
                <dim>[Measures]</dim>
            </dimensions>
            <tuples>
                <tuple>
                    <member>[Measures].[Test]</member>
                </tuple>
            </tuples>
        </columns>
        <rows>
            <dimensions>
                <dim>[Promotions]</dim>
            </dimensions>
            <tuples>
                <tuple>
                    <member>[Promotions].[All Promotions]</member>
                </tuple>
                <tuple>
                    <member>[Promotions].[Bag Stuffers]</member>
                </tuple>
                <tuple>
                    <member>[Promotions].[Best Savings]</member>
                </tuple>
                <tuple>
                    <member>[Promotions].[Big Promo]</member>
                </tuple>
                <tuple>
                    <member>[Promotions].[Big Time Discounts]</member>
                </tuple>
                <tuple>
                    <member>[Promotions].[Big Time Savings]</member>
                </tuple>
                <tuple>
                    <member>[Promotions].[Bye Bye Baby]</member>
                </tuple>
                <tuple>
                    <member>[Promotions].[Cash Register Lottery]</member>
                </tuple>
                <tuple>
                    <member>[Promotions].[Coupon Spectacular]</member>
                </tuple>
                <tuple>
                    <member>[Promotions].[Dimes Off]</member>
                </tuple>
                <tuple>
                    <member>[Promotions].[Dollar Cutters]</member>
                </tuple>
                <tuple>
                    <member>[Promotions].[Dollar Days]</member>
                </tuple>
                <tuple>
                    <member>[Promotions].[Double Down Sale]</member>
                </tuple>
                <tuple>
                    <member>[Promotions].[Double Your Savings]</member>
                </tuple>
                <tuple>
                    <member>[Promotions].[Fantastic Discounts]</member>
                </tuple>
                <tuple>
                    <member>[Promotions].[Free For All]</member>
                </tuple>
                <tuple>
                    <member>[Promotions].[Go For It]</member>
                </tuple>
                <tuple>
                    <member>[Promotions].[Green Light Days]</member>
                </tuple>
                <tuple>
                    <member>[Promotions].[Green Light Special]</member>
                </tuple>
                <tuple>
                    <member>[Promotions].[High Roller Savings]</member>
                </tuple>
                <tuple>
                    <member>[Promotions].[I Cant Believe It Sale]</member>
                </tuple>
                <tuple>
                    <member>[Promotions].[Money Grabbers]</member>
                </tuple>
                <tuple>
                    <member>[Promotions].[Money Savers]</member>
                </tuple>
                <tuple>
                    <member>[Promotions].[Mystery Sale]</member>
                </tuple>
                <tuple>
                    <member>[Promotions].[No Promotion]</member>
                </tuple>
                <tuple>
                    <member>[Promotions].[One Day Sale]</member>
                </tuple>
                <tuple>
                    <member>[Promotions].[Pick Your Savings]</member>
                </tuple>
                <tuple>
                    <member>[Promotions].[Price Cutters]</member>
                </tuple>
                <tuple>
                    <member>[Promotions].[Price Destroyers]</member>
                </tuple>
                <tuple>
                    <member>[Promotions].[Price Savers]</member>
                </tuple>
                <tuple>
                    <member>[Promotions].[Price Slashers]</member>
                </tuple>
                <tuple>
                    <member>[Promotions].[Price Smashers]</member>
                </tuple>
                <tuple>
                    <member>[Promotions].[Price Winners]</member>
                </tuple>
                <tuple>
                    <member>[Promotions].[Sale Winners]</member>
                </tuple>
                <tuple>
                    <member>[Promotions].[Sales Days]</member>
                </tuple>
                <tuple>
                    <member>[Promotions].[Sales Galore]</member>
                </tuple>
                <tuple>
                    <member>[Promotions].[Save-It Sale]</member>
                </tuple>
                <tuple>
                    <member>[Promotions].[Saving Days]</member>
                </tuple>
                <tuple>
                    <member>[Promotions].[Savings Galore]</member>
                </tuple>
                <tuple>
                    <member>[Promotions].[Shelf Clearing Days]</member>
                </tuple>
                <tuple>
                    <member>[Promotions].[Shelf Emptiers]</member>
                </tuple>
                <tuple>
                    <member>[Promotions].[Super Duper Savers]</member>
                </tuple>
                <tuple>
                    <member>[Promotions].[Super Savers]</member>
                </tuple>
                <tuple>
                    <member>[Promotions].[Super Wallet Savers]</member>
                </tuple>
                <tuple>
                    <member>[Promotions].[Three for One]</member>
                </tuple>
                <tuple>
                    <member>[Promotions].[Tip Top Savings]</member>
                </tuple>
                <tuple>
                    <member>[Promotions].[Two Day Sale]</member>
                </tuple>
                <tuple>
                    <member>[Promotions].[Two for One]</member>
                </tuple>
                <tuple>
                    <member>[Promotions].[Unbeatable Price Savers]</member>
                </tuple>
                <tuple>
                    <member>[Promotions].[Wallet Savers]</member>
                </tuple>
                <tuple>
                    <member>[Promotions].[Weekend Markdown]</member>
                </tuple>
                <tuple>
                    <member>[Promotions].[You Save Days]</member>
                </tuple>
            </tuples>
        </rows>
        <data>
            <drow>
                <cell>Top</cell>
            </drow>
            <drow>
                <cell>Not Top</cell>
            </drow>
            <drow>
                <cell>Not Top</cell>
            </drow>
            <drow>
                <cell>Not Top</cell>
            </drow>
            <drow>
                <cell>Not Top</cell>
            </drow>
            <drow>
                <cell>Not Top</cell>
            </drow>
            <drow>
                <cell>Not Top</cell>
            </drow>
            <drow>
                <cell>Not Top</cell>
            </drow>
            <drow>
                <cell>Not Top</cell>
            </drow>
            <drow>
                <cell>Not Top</cell>
            </drow>
            <drow>
                <cell>Not Top</cell>
            </drow>
            <drow>
                <cell>Not Top</cell>
            </drow>
            <drow>
                <cell>Not Top</cell>
            </drow>
            <drow>
                <cell>Not Top</cell>
            </drow>
            <drow>
                <cell>Not Top</cell>
            </drow>
            <drow>
                <cell>Not Top</cell>
            </drow>
            <drow>
                <cell>Not Top</cell>
            </drow>
            <drow>
                <cell>Not Top</cell>
            </drow>
            <drow>
                <cell>Not Top</cell>
            </drow>
            <drow>
                <cell>Not Top</cell>
            </drow>
            <drow>
                <cell>Not Top</cell>
            </drow>
            <drow>
                <cell>Not Top</cell>
            </drow>
            <drow>
                <cell>Not Top</cell>
            </drow>
            <drow>
                <cell>Not Top</cell>
            </drow>
            <drow>
                <cell>Not Top</cell>
            </drow>
            <drow>
                <cell>Not Top</cell>
            </drow>
            <drow>
                <cell>Not Top</cell>
            </drow>
            <drow>
                <cell>Not Top</cell>
            </drow>
            <drow>
                <cell>Not Top</cell>
            </drow>
            <drow>
                <cell>Not Top</cell>
            </drow>
            <drow>
                <cell>Not Top</cell>
            </drow>
            <drow>
                <cell>Not Top</cell>
            </drow>
            <drow>
                <cell>Not Top</cell>
            </drow>
            <drow>
                <cell>Not Top</cell>
            </drow>
            <drow>
                <cell>Not Top</cell>
            </drow>
            <drow>
                <cell>Not Top</cell>
            </drow>
            <drow>
                <cell>Not Top</cell>
            </drow>
            <drow>
                <cell>Not Top</cell>
            </drow>
            <drow>
                <cell>Not Top</cell>
            </drow>
            <drow>
                <cell>Not Top</cell>
            </drow>
            <drow>
                <cell>Not Top</cell>
            </drow>
            <drow>
                <cell>Not Top</cell>
            </drow>
            <drow>
                <cell>Not Top</cell>
            </drow>
            <drow>
                <cell>Not Top</cell>
            </drow>
            <drow>
                <cell>Not Top</cell>
            </drow>
            <drow>
                <cell>Not Top</cell>
            </drow>
            <drow>
                <cell>Not Top</cell>
            </drow>
            <drow>
                <cell>Not Top</cell>
            </drow>
            <drow>
                <cell>Not Top</cell>
            </drow>
            <drow>
                <cell>Not Top</cell>
            </drow>
            <drow>
                <cell>Not Top</cell>
            </drow>
            <drow>
                <cell>Not Top</cell>
            </drow>
        </data>
    </dataResult>
</mdbTest>
