<?xml version="1.0" encoding="UTF-8"?>
<mdbTest>
    <mdxQuery>Select Order( [Product].[All Products].children,[Measures].[MeasuresLevel].[Unit Sales],DESC) On columns From [Sales] where ([Measures].[Unit Sales])</mdxQuery>
    <dataResult>
        <slicer>
            <dimensions>
                <dim>[Measures]</dim>
                <dim>[Time]</dim>
                <dim>[Store]</dim>
                <dim>[Store Size in SQFT]</dim>
                <dim>[Store Type]</dim>
                <dim>[Promotions]</dim>
                <dim>[Customers]</dim>
                <dim>[Education Level]</dim>
                <dim>[Marital Status]</dim>
                <dim>[Yearly Income]</dim>
                <dim>[Promotion Media]</dim>
                <dim>[Gender]</dim>
            </dimensions>
            <tuples>
                <tuple>
                    <member>[Measures].[Unit Sales]</member>
                    <member>[Time].[1997]</member>
                    <member>[Store].[All Stores]</member>
                    <member>[Store Size in SQFT].[All Store Size in SQFTs]</member>
                    <member>[Store Type].[All Store Types]</member>
                    <member>[Promotions].[All Promotions]</member>
                    <member>[Customers].[All Customers]</member>
                    <member>[Education Level].[All Education Levels]</member>
                    <member>[Marital Status].[All Marital Status]</member>
                    <member>[Yearly Income].[All Yearly Incomes]</member>
                    <member>[Promotion Media].[All Media]</member>
                    <member>[Gender].[All Gender]</member>
                </tuple>
            </tuples>
        </slicer>
        <columns>
            <dimensions>
                <dim>[Product]</dim>
            </dimensions>
            <tuples>
                <tuple>
                    <member>[Product].[Food]</member>
                </tuple>
                <tuple>
                    <member>[Product].[Non-Consumable]</member>
                </tuple>
                <tuple>
                    <member>[Product].[Drink]</member>
                </tuple>
            </tuples>
        </columns>
        <data>
            <drow>
                <cell>191940.0</cell>
                <cell>50236.0</cell>
                <cell>24597.0</cell>
            </drow>
        </data>
    </dataResult>
</mdbTest>
