<?xml version="1.0" encoding="UTF-8"?>
<mdbTest>
    <mdxQuery>with member [Promotions].[VarP Store Sales]  as 'VarianceP([Promotions].members, [Measures].[Store Sales])'  Select {[Promotions].[VarP Store Sales]} on columns, {[Time].[1997].children} on rows from [Sales]</mdxQuery>
    <dataResult>
        <slicer>
            <dimensions>
                <dim>[Measures]</dim>
                <dim>[Product]</dim>
                <dim>[Store]</dim>
                <dim>[Store Size in SQFT]</dim>
                <dim>[Store Type]</dim>
                <dim>[Customers]</dim>
                <dim>[Education Level]</dim>
                <dim>[Marital Status]</dim>
                <dim>[Yearly Income]</dim>
                <dim>[Promotion Media]</dim>
                <dim>[Gender]</dim>
            </dimensions>
            <tuples>
                <tuple>
                    <member>[Measures].[Unit Sales]</member>
                    <member>[Product].[All Products]</member>
                    <member>[Store].[All Stores]</member>
                    <member>[Store Size in SQFT].[All Store Size in SQFTs]</member>
                    <member>[Store Type].[All Store Types]</member>
                    <member>[Customers].[All Customers]</member>
                    <member>[Education Level].[All Education Levels]</member>
                    <member>[Marital Status].[All Marital Status]</member>
                    <member>[Yearly Income].[All Yearly Incomes]</member>
                    <member>[Promotion Media].[All Media]</member>
                    <member>[Gender].[All Gender]</member>
                </tuple>
            </tuples>
        </slicer>
        <columns>
            <dimensions>
                <dim>[Promotions]</dim>
            </dimensions>
            <tuples>
                <tuple>
                    <member>[Promotions].[VarP Store Sales]</member>
                </tuple>
            </tuples>
        </columns>
        <rows>
            <dimensions>
                <dim>[Time]</dim>
            </dimensions>
            <tuples>
                <tuple>
                    <member>[Time].[1997].[Q1]</member>
                </tuple>
                <tuple>
                    <member>[Time].[1997].[Q2]</member>
                </tuple>
                <tuple>
                    <member>[Time].[1997].[Q3]</member>
                </tuple>
                <tuple>
                    <member>[Time].[1997].[Q4]</member>
                </tuple>
            </tuples>
        </rows>
        <data>
            <drow>
                <cell>8.739059003251688E8</cell>
            </drow>
            <drow>
                <cell>9.508068217272257E8</cell>
            </drow>
            <drow>
                <cell>1.0100232513611995E9</cell>
            </drow>
            <drow>
                <cell>1.2518354720125535E9</cell>
            </drow>
        </data>
    </dataResult>
</mdbTest>
