<?xml version="1.0" encoding="UTF-8"?>
<mdbTest>
    <mdxQuery>WITH MEMBER Measures.[Closing Balance]    AS '([Measures].[Units Ordered], CLOSINGPERIOD(    [Time].[Month], [Time].[Time].CURRENTMEMBER)) -    ([Measures].[Units Shipped], CLOSINGPERIOD(    [Time].[Month], [Time].[Time].CURRENTMEMBER))' SELECT {[Measures].[Closing Balance]} ON COLUMNS, [Store Type].MEMBERS ON ROWS FROM [Warehouse]</mdxQuery>
    <dataResult>
        <slicer>
            <dimensions>
                <dim>[Store]</dim>
                <dim>[Store Size in SQFT]</dim>
                <dim>[Time]</dim>
                <dim>[Warehouse]</dim>
            </dimensions>
            <tuples>
                <tuple>
                    <member>[Store].[All Stores]</member>
                    <member>[Store Size in SQFT].[All Store Size in SQFTs]</member>
                    <member>[Time].[1997]</member>
                    <member>[Warehouse].[All Warehouses]</member>
                </tuple>
            </tuples>
        </slicer>
        <columns>
            <dimensions>
                <dim>[Measures]</dim>
            </dimensions>
            <tuples>
                <tuple>
                    <member>[Measures].[Closing Balance]</member>
                </tuple>
            </tuples>
        </columns>
        <rows>
            <dimensions>
                <dim>[Store Type]</dim>
            </dimensions>
            <tuples>
                <tuple>
                    <member>[Store Type].[All Store Types]</member>
                </tuple>
                <tuple>
                    <member>[Store Type].[Deluxe Supermarket]</member>
                </tuple>
                <tuple>
                    <member>[Store Type].[Gourmet Supermarket]</member>
                </tuple>
                <tuple>
                    <member>[Store Type].[HeadQuarters]</member>
                </tuple>
                <tuple>
                    <member>[Store Type].[Mid-Size Grocery]</member>
                </tuple>
                <tuple>
                    <member>[Store Type].[Small Grocery]</member>
                </tuple>
                <tuple>
                    <member>[Store Type].[Supermarket]</member>
                </tuple>
            </tuples>
        </rows>
        <data>
            <drow>
                <cell>1218.0</cell>
            </drow>
            <drow>
                <cell>336.0</cell>
            </drow>
            <drow>
                <cell>221.0</cell>
            </drow>
            <drow>
                <cell>#Missing</cell>
            </drow>
            <drow>
                <cell>#Missing</cell>
            </drow>
            <drow>
                <cell>#Missing</cell>
            </drow>
            <drow>
                <cell>661.0</cell>
            </drow>
        </data>
    </dataResult>
</mdbTest>
