<?xml version="1.0" encoding="UTF-8"?>
<mdbTest>
    <mdxQuery>select {[Warehouse].children * {[Measures].[Store Invoice], [Measures].[Supply Time]}} on rows,     {[Store].[USA].children} on columns from [Warehouse] </mdxQuery>
    <dataResult>
        <slicer>
            <dimensions>
                <dim>[Store Size in SQFT]</dim>
                <dim>[Store Type]</dim>
                <dim>[Time]</dim>
            </dimensions>
            <tuples>
                <tuple>
                    <member>[Store Size in SQFT].[All Store Size in SQFTs]</member>
                    <member>[Store Type].[All Store Types]</member>
                    <member>[Time].[1997]</member>
                </tuple>
            </tuples>
        </slicer>
        <columns>
            <dimensions>
                <dim>[Store]</dim>
            </dimensions>
            <tuples>
                <tuple>
                    <member>[Store].[USA].[CA]</member>
                </tuple>
                <tuple>
                    <member>[Store].[USA].[OR]</member>
                </tuple>
                <tuple>
                    <member>[Store].[USA].[WA]</member>
                </tuple>
            </tuples>
        </columns>
        <rows>
            <dimensions>
                <dim>[Warehouse]</dim>
                <dim>[Measures]</dim>
            </dimensions>
            <tuples>
                <tuple>
                    <member>[Warehouse].[Canada]</member>
                    <member>[Measures].[Store Invoice]</member>
                </tuple>
                <tuple>
                    <member>[Warehouse].[Canada]</member>
                    <member>[Measures].[Supply Time]</member>
                </tuple>
                <tuple>
                    <member>[Warehouse].[Mexico]</member>
                    <member>[Measures].[Store Invoice]</member>
                </tuple>
                <tuple>
                    <member>[Warehouse].[Mexico]</member>
                    <member>[Measures].[Supply Time]</member>
                </tuple>
                <tuple>
                    <member>[Warehouse].[USA]</member>
                    <member>[Measures].[Store Invoice]</member>
                </tuple>
                <tuple>
                    <member>[Warehouse].[USA]</member>
                    <member>[Measures].[Supply Time]</member>
                </tuple>
            </tuples>
        </rows>
        <data>
            <drow>
                <cell>#Missing</cell>
                <cell>#Missing</cell>
                <cell>#Missing</cell>
            </drow>
            <drow>
                <cell>#Missing</cell>
                <cell>#Missing</cell>
                <cell>#Missing</cell>
            </drow>
            <drow>
                <cell>#Missing</cell>
                <cell>#Missing</cell>
                <cell>#Missing</cell>
            </drow>
            <drow>
                <cell>#Missing</cell>
                <cell>#Missing</cell>
                <cell>#Missing</cell>
            </drow>
            <drow>
                <cell>29607.2994</cell>
                <cell>20194.0007</cell>
                <cell>52477.1088</cell>
            </drow>
            <drow>
                <cell>3100.0</cell>
                <cell>2051.0</cell>
                <cell>5274.0</cell>
            </drow>
        </data>
    </dataResult>
</mdbTest>
