<?xml version="1.0" encoding="UTF-8"?>
<mdbTest>
    <mdxQuery>WITH MEMBER [Product].[Product Count] AS 'Count({[Product].[All Products], [Product].[All Products].Children}, ExcludeEmpty)'
SELECT {[Store].[All Stores], [Store].[All Stores].Children} ON AXIS(0),
       {[Product].[All Products], [Product].[All Products].Children, [Product].[Product Count]} ON AXIS(1)
FROM [Sales]</mdxQuery>
    <dataResult>
        <slicer>
            <dimensions>
                <dim>[Measures]</dim>
                <dim>[Time]</dim>
                <dim>[Store Size in SQFT]</dim>
                <dim>[Store Type]</dim>
                <dim>[Promotions]</dim>
                <dim>[Customers]</dim>
                <dim>[Education Level]</dim>
                <dim>[Marital Status]</dim>
                <dim>[Yearly Income]</dim>
                <dim>[Promotion Media]</dim>
                <dim>[Gender]</dim>
            </dimensions>
            <tuples>
                <tuple>
                    <member>[Measures].[Unit Sales]</member>
                    <member>[Time].[1997]</member>
                    <member>[Store Size in SQFT].[All Store Size in SQFTs]</member>
                    <member>[Store Type].[All Store Types]</member>
                    <member>[Promotions].[All Promotions]</member>
                    <member>[Customers].[All Customers]</member>
                    <member>[Education Level].[All Education Levels]</member>
                    <member>[Marital Status].[All Marital Status]</member>
                    <member>[Yearly Income].[All Yearly Incomes]</member>
                    <member>[Promotion Media].[All Media]</member>
                    <member>[Gender].[All Gender]</member>
                </tuple>
            </tuples>
        </slicer>
        <columns>
            <dimensions>
                <dim>[Store]</dim>
            </dimensions>
            <tuples>
                <tuple>
                    <member>[Store].[All Stores]</member>
                </tuple>
                <tuple>
                    <member>[Store].[Canada]</member>
                </tuple>
                <tuple>
                    <member>[Store].[Mexico]</member>
                </tuple>
                <tuple>
                    <member>[Store].[USA]</member>
                </tuple>
            </tuples>
        </columns>
        <rows>
            <dimensions>
                <dim>[Product]</dim>
            </dimensions>
            <tuples>
                <tuple>
                    <member>[Product].[All Products]</member>
                </tuple>
                <tuple>
                    <member>[Product].[Drink]</member>
                </tuple>
                <tuple>
                    <member>[Product].[Food]</member>
                </tuple>
                <tuple>
                    <member>[Product].[Non-Consumable]</member>
                </tuple>
                <tuple>
                    <member>[Product].[Product Count]</member>
                </tuple>
            </tuples>
        </rows>
        <data>
            <drow>
                <cell>266773.0</cell>
                <cell>#Missing</cell>
                <cell>#Missing</cell>
                <cell>266773.0</cell>
            </drow>
            <drow>
                <cell>24597.0</cell>
                <cell>#Missing</cell>
                <cell>#Missing</cell>
                <cell>24597.0</cell>
            </drow>
            <drow>
                <cell>191940.0</cell>
                <cell>#Missing</cell>
                <cell>#Missing</cell>
                <cell>191940.0</cell>
            </drow>
            <drow>
                <cell>50236.0</cell>
                <cell>#Missing</cell>
                <cell>#Missing</cell>
                <cell>50236.0</cell>
            </drow>
            <drow>
                <cell>4.0</cell>
                <cell>0.0</cell>
                <cell>0.0</cell>
                <cell>4.0</cell>
            </drow>
        </data>
    </dataResult>
</mdbTest>
