<?xml version="1.0" encoding="UTF-8"?>
<mdbTest>
    <mdxQuery>SELECT [Store Type].MEMBERS ON COLUMNS, TOPPERCENT({[Store].[Store City].MEMBERS}, 50,    Measures.[Sales Count]) ON ROWS FROM [Sales] WHERE (Measures.[Unit Sales])</mdxQuery>
    <dataResult>
        <slicer>
            <dimensions>
                <dim>[Measures]</dim>
                <dim>[Time]</dim>
                <dim>[Product]</dim>
                <dim>[Store Size in SQFT]</dim>
                <dim>[Promotions]</dim>
                <dim>[Customers]</dim>
                <dim>[Education Level]</dim>
                <dim>[Marital Status]</dim>
                <dim>[Yearly Income]</dim>
                <dim>[Promotion Media]</dim>
                <dim>[Gender]</dim>
            </dimensions>
            <tuples>
                <tuple>
                    <member>[Measures].[Unit Sales]</member>
                    <member>[Time].[1997]</member>
                    <member>[Product].[All Products]</member>
                    <member>[Store Size in SQFT].[All Store Size in SQFTs]</member>
                    <member>[Promotions].[All Promotions]</member>
                    <member>[Customers].[All Customers]</member>
                    <member>[Education Level].[All Education Levels]</member>
                    <member>[Marital Status].[All Marital Status]</member>
                    <member>[Yearly Income].[All Yearly Incomes]</member>
                    <member>[Promotion Media].[All Media]</member>
                    <member>[Gender].[All Gender]</member>
                </tuple>
            </tuples>
        </slicer>
        <columns>
            <dimensions>
                <dim>[Store Type]</dim>
            </dimensions>
            <tuples>
                <tuple>
                    <member>[Store Type].[All Store Types]</member>
                </tuple>
                <tuple>
                    <member>[Store Type].[Deluxe Supermarket]</member>
                </tuple>
                <tuple>
                    <member>[Store Type].[Gourmet Supermarket]</member>
                </tuple>
                <tuple>
                    <member>[Store Type].[HeadQuarters]</member>
                </tuple>
                <tuple>
                    <member>[Store Type].[Mid-Size Grocery]</member>
                </tuple>
                <tuple>
                    <member>[Store Type].[Small Grocery]</member>
                </tuple>
                <tuple>
                    <member>[Store Type].[Supermarket]</member>
                </tuple>
            </tuples>
        </columns>
        <rows>
            <dimensions>
                <dim>[Store]</dim>
            </dimensions>
            <tuples>
                <tuple>
                    <member>[Store].[USA].[OR].[Salem]</member>
                </tuple>
                <tuple>
                    <member>[Store].[USA].[WA].[Tacoma]</member>
                </tuple>
                <tuple>
                    <member>[Store].[USA].[OR].[Portland]</member>
                </tuple>
                <tuple>
                    <member>[Store].[USA].[CA].[Los Angeles]</member>
                </tuple>
                <tuple>
                    <member>[Store].[USA].[CA].[San Diego]</member>
                </tuple>
            </tuples>
        </rows>
        <data>
            <drow>
                <cell>41580.0</cell>
                <cell>41580.0</cell>
                <cell>#Missing</cell>
                <cell>#Missing</cell>
                <cell>#Missing</cell>
                <cell>#Missing</cell>
                <cell>#Missing</cell>
            </drow>
            <drow>
                <cell>35257.0</cell>
                <cell>35257.0</cell>
                <cell>#Missing</cell>
                <cell>#Missing</cell>
                <cell>#Missing</cell>
                <cell>#Missing</cell>
                <cell>#Missing</cell>
            </drow>
            <drow>
                <cell>26079.0</cell>
                <cell>#Missing</cell>
                <cell>#Missing</cell>
                <cell>#Missing</cell>
                <cell>#Missing</cell>
                <cell>#Missing</cell>
                <cell>26079.0</cell>
            </drow>
            <drow>
                <cell>25663.0</cell>
                <cell>#Missing</cell>
                <cell>#Missing</cell>
                <cell>#Missing</cell>
                <cell>#Missing</cell>
                <cell>#Missing</cell>
                <cell>25663.0</cell>
            </drow>
            <drow>
                <cell>25635.0</cell>
                <cell>#Missing</cell>
                <cell>#Missing</cell>
                <cell>#Missing</cell>
                <cell>#Missing</cell>
                <cell>#Missing</cell>
                <cell>25635.0</cell>
            </drow>
        </data>
    </dataResult>
</mdbTest>
