<?xml version="1.0" encoding="UTF-8"?>
<mdbTest>
    <mdxQuery>SELECT {Cousin([Time].[1997].[Q1],[Time].[1998])} ON COLUMNS FROM [Warehouse] WHERE ([Measures].[Units Shipped]) </mdxQuery>
    <dataResult>
        <slicer>
            <dimensions>
                <dim>[Measures]</dim>
                <dim>[Store]</dim>
                <dim>[Store Size in SQFT]</dim>
                <dim>[Store Type]</dim>
                <dim>[Warehouse]</dim>
            </dimensions>
            <tuples>
                <tuple>
                    <member>[Measures].[Units Shipped]</member>
                    <member>[Store].[All Stores]</member>
                    <member>[Store Size in SQFT].[All Store Size in SQFTs]</member>
                    <member>[Store Type].[All Store Types]</member>
                    <member>[Warehouse].[All Warehouses]</member>
                </tuple>
            </tuples>
        </slicer>
        <columns>
            <dimensions>
                <dim>[Time]</dim>
            </dimensions>
            <tuples>
                <tuple>
                    <member>[Time].[1998].[Q1]</member>
                </tuple>
            </tuples>
        </columns>
        <data>
            <drow>
                <cell>#Missing</cell>
            </drow>
        </data>
    </dataResult>
</mdbTest>
