<?xml version="1.0" encoding="UTF-8"?>
<mdbTest>
    <mdxQuery>SELECT {[Education Level].Members} ON AXIS(0),
       {HIERARCHIZE([Store].Members)} ON AXIS(1)
FROM [Sales]</mdxQuery>
    <dataResult>
        <slicer>
            <dimensions>
                <dim>[Measures]</dim>
                <dim>[Time]</dim>
                <dim>[Product]</dim>
                <dim>[Store Size in SQFT]</dim>
                <dim>[Store Type]</dim>
                <dim>[Promotions]</dim>
                <dim>[Customers]</dim>
                <dim>[Marital Status]</dim>
                <dim>[Yearly Income]</dim>
                <dim>[Promotion Media]</dim>
                <dim>[Gender]</dim>
            </dimensions>
            <tuples>
                <tuple>
                    <member>[Measures].[Unit Sales]</member>
                    <member>[Time].[1997]</member>
                    <member>[Product].[All Products]</member>
                    <member>[Store Size in SQFT].[All Store Size in SQFTs]</member>
                    <member>[Store Type].[All Store Types]</member>
                    <member>[Promotions].[All Promotions]</member>
                    <member>[Customers].[All Customers]</member>
                    <member>[Marital Status].[All Marital Status]</member>
                    <member>[Yearly Income].[All Yearly Incomes]</member>
                    <member>[Promotion Media].[All Media]</member>
                    <member>[Gender].[All Gender]</member>
                </tuple>
            </tuples>
        </slicer>
        <columns>
            <dimensions>
                <dim>[Education Level]</dim>
            </dimensions>
            <tuples>
                <tuple>
                    <member>[Education Level].[All Education Levels]</member>
                </tuple>
                <tuple>
                    <member>[Education Level].[Bachelors Degree]</member>
                </tuple>
                <tuple>
                    <member>[Education Level].[Graduate Degree]</member>
                </tuple>
                <tuple>
                    <member>[Education Level].[High School Degree]</member>
                </tuple>
                <tuple>
                    <member>[Education Level].[Partial College]</member>
                </tuple>
                <tuple>
                    <member>[Education Level].[Partial High School]</member>
                </tuple>
            </tuples>
        </columns>
        <rows>
            <dimensions>
                <dim>[Store]</dim>
            </dimensions>
            <tuples>
                <tuple>
                    <member>[Store].[All Stores]</member>
                </tuple>
                <tuple>
                    <member>[Store].[Canada]</member>
                </tuple>
                <tuple>
                    <member>[Store].[Canada].[BC]</member>
                </tuple>
                <tuple>
                    <member>[Store].[Canada].[BC].[Vancouver]</member>
                </tuple>
                <tuple>
                    <member>[Store].[Canada].[BC].[Vancouver].[Store 19]</member>
                </tuple>
                <tuple>
                    <member>[Store].[Canada].[BC].[Victoria]</member>
                </tuple>
                <tuple>
                    <member>[Store].[Canada].[BC].[Victoria].[Store 20]</member>
                </tuple>
                <tuple>
                    <member>[Store].[Mexico]</member>
                </tuple>
                <tuple>
                    <member>[Store].[Mexico].[DF]</member>
                </tuple>
                <tuple>
                    <member>[Store].[Mexico].[DF].[Mexico City]</member>
                </tuple>
                <tuple>
                    <member>[Store].[Mexico].[DF].[Mexico City].[Store 9]</member>
                </tuple>
                <tuple>
                    <member>[Store].[Mexico].[DF].[San Andres]</member>
                </tuple>
                <tuple>
                    <member>[Store].[Mexico].[DF].[San Andres].[Store 21]</member>
                </tuple>
                <tuple>
                    <member>[Store].[Mexico].[Guerrero]</member>
                </tuple>
                <tuple>
                    <member>[Store].[Mexico].[Guerrero].[Acapulco]</member>
                </tuple>
                <tuple>
                    <member>[Store].[Mexico].[Guerrero].[Acapulco].[Store 1]</member>
                </tuple>
                <tuple>
                    <member>[Store].[Mexico].[Jalisco]</member>
                </tuple>
                <tuple>
                    <member>[Store].[Mexico].[Jalisco].[Guadalajara]</member>
                </tuple>
                <tuple>
                    <member>[Store].[Mexico].[Jalisco].[Guadalajara].[Store 5]</member>
                </tuple>
                <tuple>
                    <member>[Store].[Mexico].[Veracruz]</member>
                </tuple>
                <tuple>
                    <member>[Store].[Mexico].[Veracruz].[Orizaba]</member>
                </tuple>
                <tuple>
                    <member>[Store].[Mexico].[Veracruz].[Orizaba].[Store 10]</member>
                </tuple>
                <tuple>
                    <member>[Store].[Mexico].[Yucatan]</member>
                </tuple>
                <tuple>
                    <member>[Store].[Mexico].[Yucatan].[Merida]</member>
                </tuple>
                <tuple>
                    <member>[Store].[Mexico].[Yucatan].[Merida].[Store 8]</member>
                </tuple>
                <tuple>
                    <member>[Store].[Mexico].[Zacatecas]</member>
                </tuple>
                <tuple>
                    <member>[Store].[Mexico].[Zacatecas].[Camacho]</member>
                </tuple>
                <tuple>
                    <member>[Store].[Mexico].[Zacatecas].[Camacho].[Store 4]</member>
                </tuple>
                <tuple>
                    <member>[Store].[Mexico].[Zacatecas].[Hidalgo]</member>
                </tuple>
                <tuple>
                    <member>[Store].[Mexico].[Zacatecas].[Hidalgo].[Store 12]</member>
                </tuple>
                <tuple>
                    <member>[Store].[Mexico].[Zacatecas].[Hidalgo].[Store 18]</member>
                </tuple>
                <tuple>
                    <member>[Store].[USA]</member>
                </tuple>
                <tuple>
                    <member>[Store].[USA].[CA]</member>
                </tuple>
                <tuple>
                    <member>[Store].[USA].[CA].[Alameda]</member>
                </tuple>
                <tuple>
                    <member>[Store].[USA].[CA].[Alameda].[HQ]</member>
                </tuple>
                <tuple>
                    <member>[Store].[USA].[CA].[Beverly Hills]</member>
                </tuple>
                <tuple>
                    <member>[Store].[USA].[CA].[Beverly Hills].[Store 6]</member>
                </tuple>
                <tuple>
                    <member>[Store].[USA].[CA].[Los Angeles]</member>
                </tuple>
                <tuple>
                    <member>[Store].[USA].[CA].[Los Angeles].[Store 7]</member>
                </tuple>
                <tuple>
                    <member>[Store].[USA].[CA].[San Diego]</member>
                </tuple>
                <tuple>
                    <member>[Store].[USA].[CA].[San Diego].[Store 24]</member>
                </tuple>
                <tuple>
                    <member>[Store].[USA].[CA].[San Francisco]</member>
                </tuple>
                <tuple>
                    <member>[Store].[USA].[CA].[San Francisco].[Store 14]</member>
                </tuple>
                <tuple>
                    <member>[Store].[USA].[OR]</member>
                </tuple>
                <tuple>
                    <member>[Store].[USA].[OR].[Portland]</member>
                </tuple>
                <tuple>
                    <member>[Store].[USA].[OR].[Portland].[Store 11]</member>
                </tuple>
                <tuple>
                    <member>[Store].[USA].[OR].[Salem]</member>
                </tuple>
                <tuple>
                    <member>[Store].[USA].[OR].[Salem].[Store 13]</member>
                </tuple>
                <tuple>
                    <member>[Store].[USA].[WA]</member>
                </tuple>
                <tuple>
                    <member>[Store].[USA].[WA].[Bellingham]</member>
                </tuple>
                <tuple>
                    <member>[Store].[USA].[WA].[Bellingham].[Store 2]</member>
                </tuple>
                <tuple>
                    <member>[Store].[USA].[WA].[Bremerton]</member>
                </tuple>
                <tuple>
                    <member>[Store].[USA].[WA].[Bremerton].[Store 3]</member>
                </tuple>
                <tuple>
                    <member>[Store].[USA].[WA].[Seattle]</member>
                </tuple>
                <tuple>
                    <member>[Store].[USA].[WA].[Seattle].[Store 15]</member>
                </tuple>
                <tuple>
                    <member>[Store].[USA].[WA].[Spokane]</member>
                </tuple>
                <tuple>
                    <member>[Store].[USA].[WA].[Spokane].[Store 16]</member>
                </tuple>
                <tuple>
                    <member>[Store].[USA].[WA].[Tacoma]</member>
                </tuple>
                <tuple>
                    <member>[Store].[USA].[WA].[Tacoma].[Store 17]</member>
                </tuple>
                <tuple>
                    <member>[Store].[USA].[WA].[Walla Walla]</member>
                </tuple>
                <tuple>
                    <member>[Store].[USA].[WA].[Walla Walla].[Store 22]</member>
                </tuple>
                <tuple>
                    <member>[Store].[USA].[WA].[Yakima]</member>
                </tuple>
                <tuple>
                    <member>[Store].[USA].[WA].[Yakima].[Store 23]</member>
                </tuple>
            </tuples>
        </rows>
        <data>
            <drow>
                <cell>266773.0</cell>
                <cell>68839.0</cell>
                <cell>15570.0</cell>
                <cell>78664.0</cell>
                <cell>24545.0</cell>
                <cell>79155.0</cell>
            </drow>
            <drow>
                <cell>#Missing</cell>
                <cell>#Missing</cell>
                <cell>#Missing</cell>
                <cell>#Missing</cell>
                <cell>#Missing</cell>
                <cell>#Missing</cell>
            </drow>
            <drow>
                <cell>#Missing</cell>
                <cell>#Missing</cell>
                <cell>#Missing</cell>
                <cell>#Missing</cell>
                <cell>#Missing</cell>
                <cell>#Missing</cell>
            </drow>
            <drow>
                <cell>#Missing</cell>
                <cell>#Missing</cell>
                <cell>#Missing</cell>
                <cell>#Missing</cell>
                <cell>#Missing</cell>
                <cell>#Missing</cell>
            </drow>
            <drow>
                <cell>#Missing</cell>
                <cell>#Missing</cell>
                <cell>#Missing</cell>
                <cell>#Missing</cell>
                <cell>#Missing</cell>
                <cell>#Missing</cell>
            </drow>
            <drow>
                <cell>#Missing</cell>
                <cell>#Missing</cell>
                <cell>#Missing</cell>
                <cell>#Missing</cell>
                <cell>#Missing</cell>
                <cell>#Missing</cell>
            </drow>
            <drow>
                <cell>#Missing</cell>
                <cell>#Missing</cell>
                <cell>#Missing</cell>
                <cell>#Missing</cell>
                <cell>#Missing</cell>
                <cell>#Missing</cell>
            </drow>
            <drow>
                <cell>#Missing</cell>
                <cell>#Missing</cell>
                <cell>#Missing</cell>
                <cell>#Missing</cell>
                <cell>#Missing</cell>
                <cell>#Missing</cell>
            </drow>
            <drow>
                <cell>#Missing</cell>
                <cell>#Missing</cell>
                <cell>#Missing</cell>
                <cell>#Missing</cell>
                <cell>#Missing</cell>
                <cell>#Missing</cell>
            </drow>
            <drow>
                <cell>#Missing</cell>
                <cell>#Missing</cell>
                <cell>#Missing</cell>
                <cell>#Missing</cell>
                <cell>#Missing</cell>
                <cell>#Missing</cell>
            </drow>
            <drow>
                <cell>#Missing</cell>
                <cell>#Missing</cell>
                <cell>#Missing</cell>
                <cell>#Missing</cell>
                <cell>#Missing</cell>
                <cell>#Missing</cell>
            </drow>
            <drow>
                <cell>#Missing</cell>
                <cell>#Missing</cell>
                <cell>#Missing</cell>
                <cell>#Missing</cell>
                <cell>#Missing</cell>
                <cell>#Missing</cell>
            </drow>
            <drow>
                <cell>#Missing</cell>
                <cell>#Missing</cell>
                <cell>#Missing</cell>
                <cell>#Missing</cell>
                <cell>#Missing</cell>
                <cell>#Missing</cell>
            </drow>
            <drow>
                <cell>#Missing</cell>
                <cell>#Missing</cell>
                <cell>#Missing</cell>
                <cell>#Missing</cell>
                <cell>#Missing</cell>
                <cell>#Missing</cell>
            </drow>
            <drow>
                <cell>#Missing</cell>
                <cell>#Missing</cell>
                <cell>#Missing</cell>
                <cell>#Missing</cell>
                <cell>#Missing</cell>
                <cell>#Missing</cell>
            </drow>
            <drow>
                <cell>#Missing</cell>
                <cell>#Missing</cell>
                <cell>#Missing</cell>
                <cell>#Missing</cell>
                <cell>#Missing</cell>
                <cell>#Missing</cell>
            </drow>
            <drow>
                <cell>#Missing</cell>
                <cell>#Missing</cell>
                <cell>#Missing</cell>
                <cell>#Missing</cell>
                <cell>#Missing</cell>
                <cell>#Missing</cell>
            </drow>
            <drow>
                <cell>#Missing</cell>
                <cell>#Missing</cell>
                <cell>#Missing</cell>
                <cell>#Missing</cell>
                <cell>#Missing</cell>
                <cell>#Missing</cell>
            </drow>
            <drow>
                <cell>#Missing</cell>
                <cell>#Missing</cell>
                <cell>#Missing</cell>
                <cell>#Missing</cell>
                <cell>#Missing</cell>
                <cell>#Missing</cell>
            </drow>
            <drow>
                <cell>#Missing</cell>
                <cell>#Missing</cell>
                <cell>#Missing</cell>
                <cell>#Missing</cell>
                <cell>#Missing</cell>
                <cell>#Missing</cell>
            </drow>
            <drow>
                <cell>#Missing</cell>
                <cell>#Missing</cell>
                <cell>#Missing</cell>
                <cell>#Missing</cell>
                <cell>#Missing</cell>
                <cell>#Missing</cell>
            </drow>
            <drow>
                <cell>#Missing</cell>
                <cell>#Missing</cell>
                <cell>#Missing</cell>
                <cell>#Missing</cell>
                <cell>#Missing</cell>
                <cell>#Missing</cell>
            </drow>
            <drow>
                <cell>#Missing</cell>
                <cell>#Missing</cell>
                <cell>#Missing</cell>
                <cell>#Missing</cell>
                <cell>#Missing</cell>
                <cell>#Missing</cell>
            </drow>
            <drow>
                <cell>#Missing</cell>
                <cell>#Missing</cell>
                <cell>#Missing</cell>
                <cell>#Missing</cell>
                <cell>#Missing</cell>
                <cell>#Missing</cell>
            </drow>
            <drow>
                <cell>#Missing</cell>
                <cell>#Missing</cell>
                <cell>#Missing</cell>
                <cell>#Missing</cell>
                <cell>#Missing</cell>
                <cell>#Missing</cell>
            </drow>
            <drow>
                <cell>#Missing</cell>
                <cell>#Missing</cell>
                <cell>#Missing</cell>
                <cell>#Missing</cell>
                <cell>#Missing</cell>
                <cell>#Missing</cell>
            </drow>
            <drow>
                <cell>#Missing</cell>
                <cell>#Missing</cell>
                <cell>#Missing</cell>
                <cell>#Missing</cell>
                <cell>#Missing</cell>
                <cell>#Missing</cell>
            </drow>
            <drow>
                <cell>#Missing</cell>
                <cell>#Missing</cell>
                <cell>#Missing</cell>
                <cell>#Missing</cell>
                <cell>#Missing</cell>
                <cell>#Missing</cell>
            </drow>
            <drow>
                <cell>#Missing</cell>
                <cell>#Missing</cell>
                <cell>#Missing</cell>
                <cell>#Missing</cell>
                <cell>#Missing</cell>
                <cell>#Missing</cell>
            </drow>
            <drow>
                <cell>#Missing</cell>
                <cell>#Missing</cell>
                <cell>#Missing</cell>
                <cell>#Missing</cell>
                <cell>#Missing</cell>
                <cell>#Missing</cell>
            </drow>
            <drow>
                <cell>#Missing</cell>
                <cell>#Missing</cell>
                <cell>#Missing</cell>
                <cell>#Missing</cell>
                <cell>#Missing</cell>
                <cell>#Missing</cell>
            </drow>
            <drow>
                <cell>266773.0</cell>
                <cell>68839.0</cell>
                <cell>15570.0</cell>
                <cell>78664.0</cell>
                <cell>24545.0</cell>
                <cell>79155.0</cell>
            </drow>
            <drow>
                <cell>74748.0</cell>
                <cell>19836.0</cell>
                <cell>4174.0</cell>
                <cell>21131.0</cell>
                <cell>6765.0</cell>
                <cell>22842.0</cell>
            </drow>
            <drow>
                <cell>#Missing</cell>
                <cell>#Missing</cell>
                <cell>#Missing</cell>
                <cell>#Missing</cell>
                <cell>#Missing</cell>
                <cell>#Missing</cell>
            </drow>
            <drow>
                <cell>#Missing</cell>
                <cell>#Missing</cell>
                <cell>#Missing</cell>
                <cell>#Missing</cell>
                <cell>#Missing</cell>
                <cell>#Missing</cell>
            </drow>
            <drow>
                <cell>21333.0</cell>
                <cell>5656.0</cell>
                <cell>1090.0</cell>
                <cell>5895.0</cell>
                <cell>2068.0</cell>
                <cell>6624.0</cell>
            </drow>
            <drow>
                <cell>21333.0</cell>
                <cell>5656.0</cell>
                <cell>1090.0</cell>
                <cell>5895.0</cell>
                <cell>2068.0</cell>
                <cell>6624.0</cell>
            </drow>
            <drow>
                <cell>25663.0</cell>
                <cell>6912.0</cell>
                <cell>1413.0</cell>
                <cell>7732.0</cell>
                <cell>2111.0</cell>
                <cell>7495.0</cell>
            </drow>
            <drow>
                <cell>25663.0</cell>
                <cell>6912.0</cell>
                <cell>1413.0</cell>
                <cell>7732.0</cell>
                <cell>2111.0</cell>
                <cell>7495.0</cell>
            </drow>
            <drow>
                <cell>25635.0</cell>
                <cell>6741.0</cell>
                <cell>1589.0</cell>
                <cell>6863.0</cell>
                <cell>2302.0</cell>
                <cell>8140.0</cell>
            </drow>
            <drow>
                <cell>25635.0</cell>
                <cell>6741.0</cell>
                <cell>1589.0</cell>
                <cell>6863.0</cell>
                <cell>2302.0</cell>
                <cell>8140.0</cell>
            </drow>
            <drow>
                <cell>2117.0</cell>
                <cell>527.0</cell>
                <cell>82.0</cell>
                <cell>641.0</cell>
                <cell>284.0</cell>
                <cell>583.0</cell>
            </drow>
            <drow>
                <cell>2117.0</cell>
                <cell>527.0</cell>
                <cell>82.0</cell>
                <cell>641.0</cell>
                <cell>284.0</cell>
                <cell>583.0</cell>
            </drow>
            <drow>
                <cell>67659.0</cell>
                <cell>15767.0</cell>
                <cell>4329.0</cell>
                <cell>20702.0</cell>
                <cell>6370.0</cell>
                <cell>20491.0</cell>
            </drow>
            <drow>
                <cell>26079.0</cell>
                <cell>6091.0</cell>
                <cell>1709.0</cell>
                <cell>8231.0</cell>
                <cell>2512.0</cell>
                <cell>7536.0</cell>
            </drow>
            <drow>
                <cell>26079.0</cell>
                <cell>6091.0</cell>
                <cell>1709.0</cell>
                <cell>8231.0</cell>
                <cell>2512.0</cell>
                <cell>7536.0</cell>
            </drow>
            <drow>
                <cell>41580.0</cell>
                <cell>9676.0</cell>
                <cell>2620.0</cell>
                <cell>12471.0</cell>
                <cell>3858.0</cell>
                <cell>12955.0</cell>
            </drow>
            <drow>
                <cell>41580.0</cell>
                <cell>9676.0</cell>
                <cell>2620.0</cell>
                <cell>12471.0</cell>
                <cell>3858.0</cell>
                <cell>12955.0</cell>
            </drow>
            <drow>
                <cell>124366.0</cell>
                <cell>33236.0</cell>
                <cell>7067.0</cell>
                <cell>36831.0</cell>
                <cell>11410.0</cell>
                <cell>35822.0</cell>
            </drow>
            <drow>
                <cell>2237.0</cell>
                <cell>553.0</cell>
                <cell>95.0</cell>
                <cell>647.0</cell>
                <cell>160.0</cell>
                <cell>782.0</cell>
            </drow>
            <drow>
                <cell>2237.0</cell>
                <cell>553.0</cell>
                <cell>95.0</cell>
                <cell>647.0</cell>
                <cell>160.0</cell>
                <cell>782.0</cell>
            </drow>
            <drow>
                <cell>24576.0</cell>
                <cell>5769.0</cell>
                <cell>1835.0</cell>
                <cell>8129.0</cell>
                <cell>2186.0</cell>
                <cell>6657.0</cell>
            </drow>
            <drow>
                <cell>24576.0</cell>
                <cell>5769.0</cell>
                <cell>1835.0</cell>
                <cell>8129.0</cell>
                <cell>2186.0</cell>
                <cell>6657.0</cell>
            </drow>
            <drow>
                <cell>25011.0</cell>
                <cell>6662.0</cell>
                <cell>1277.0</cell>
                <cell>6684.0</cell>
                <cell>2715.0</cell>
                <cell>7673.0</cell>
            </drow>
            <drow>
                <cell>25011.0</cell>
                <cell>6662.0</cell>
                <cell>1277.0</cell>
                <cell>6684.0</cell>
                <cell>2715.0</cell>
                <cell>7673.0</cell>
            </drow>
            <drow>
                <cell>23591.0</cell>
                <cell>6720.0</cell>
                <cell>1434.0</cell>
                <cell>6445.0</cell>
                <cell>1709.0</cell>
                <cell>7283.0</cell>
            </drow>
            <drow>
                <cell>23591.0</cell>
                <cell>6720.0</cell>
                <cell>1434.0</cell>
                <cell>6445.0</cell>
                <cell>1709.0</cell>
                <cell>7283.0</cell>
            </drow>
            <drow>
                <cell>35257.0</cell>
                <cell>9903.0</cell>
                <cell>1084.0</cell>
                <cell>11160.0</cell>
                <cell>3553.0</cell>
                <cell>9557.0</cell>
            </drow>
            <drow>
                <cell>35257.0</cell>
                <cell>9903.0</cell>
                <cell>1084.0</cell>
                <cell>11160.0</cell>
                <cell>3553.0</cell>
                <cell>9557.0</cell>
            </drow>
            <drow>
                <cell>2203.0</cell>
                <cell>436.0</cell>
                <cell>139.0</cell>
                <cell>649.0</cell>
                <cell>129.0</cell>
                <cell>850.0</cell>
            </drow>
            <drow>
                <cell>2203.0</cell>
                <cell>436.0</cell>
                <cell>139.0</cell>
                <cell>649.0</cell>
                <cell>129.0</cell>
                <cell>850.0</cell>
            </drow>
            <drow>
                <cell>11491.0</cell>
                <cell>3193.0</cell>
                <cell>1203.0</cell>
                <cell>3117.0</cell>
                <cell>958.0</cell>
                <cell>3020.0</cell>
            </drow>
            <drow>
                <cell>11491.0</cell>
                <cell>3193.0</cell>
                <cell>1203.0</cell>
                <cell>3117.0</cell>
                <cell>958.0</cell>
                <cell>3020.0</cell>
            </drow>
        </data>
    </dataResult>
</mdbTest>
