<?xml version="1.0" encoding="UTF-8"?>
<mdbTest>
    <mdxQuery>SELECT {[Education Level].[Partial College].PrevMember, [Education Level].Children} ON AXIS(0),
       {[Time].[1997].[Q1].[2].PrevMember, [Time].[1997].[Q1].[2].NextMember} ON AXIS(1)
FROM [Sales]</mdxQuery>
    <dataResult>
        <slicer>
            <dimensions>
                <dim>[Measures]</dim>
                <dim>[Product]</dim>
                <dim>[Store]</dim>
                <dim>[Store Size in SQFT]</dim>
                <dim>[Store Type]</dim>
                <dim>[Promotions]</dim>
                <dim>[Customers]</dim>
                <dim>[Marital Status]</dim>
                <dim>[Yearly Income]</dim>
                <dim>[Promotion Media]</dim>
                <dim>[Gender]</dim>
            </dimensions>
            <tuples>
                <tuple>
                    <member>[Measures].[Unit Sales]</member>
                    <member>[Product].[All Products]</member>
                    <member>[Store].[All Stores]</member>
                    <member>[Store Size in SQFT].[All Store Size in SQFTs]</member>
                    <member>[Store Type].[All Store Types]</member>
                    <member>[Promotions].[All Promotions]</member>
                    <member>[Customers].[All Customers]</member>
                    <member>[Marital Status].[All Marital Status]</member>
                    <member>[Yearly Income].[All Yearly Incomes]</member>
                    <member>[Promotion Media].[All Media]</member>
                    <member>[Gender].[All Gender]</member>
                </tuple>
            </tuples>
        </slicer>
        <columns>
            <dimensions>
                <dim>[Education Level]</dim>
            </dimensions>
            <tuples>
                <tuple>
                    <member>[Education Level].[High School Degree]</member>
                </tuple>
                <tuple>
                    <member>[Education Level].[Bachelors Degree]</member>
                </tuple>
                <tuple>
                    <member>[Education Level].[Graduate Degree]</member>
                </tuple>
                <tuple>
                    <member>[Education Level].[High School Degree]</member>
                </tuple>
                <tuple>
                    <member>[Education Level].[Partial College]</member>
                </tuple>
                <tuple>
                    <member>[Education Level].[Partial High School]</member>
                </tuple>
            </tuples>
        </columns>
        <rows>
            <dimensions>
                <dim>[Time]</dim>
            </dimensions>
            <tuples>
                <tuple>
                    <member>[Time].[1997].[Q1].[1]</member>
                </tuple>
                <tuple>
                    <member>[Time].[1997].[Q1].[3]</member>
                </tuple>
            </tuples>
        </rows>
        <data>
            <drow>
                <cell>6316.0</cell>
                <cell>5420.0</cell>
                <cell>1197.0</cell>
                <cell>6316.0</cell>
                <cell>2120.0</cell>
                <cell>6575.0</cell>
            </drow>
            <drow>
                <cell>7456.0</cell>
                <cell>6301.0</cell>
                <cell>1265.0</cell>
                <cell>7456.0</cell>
                <cell>2230.0</cell>
                <cell>6454.0</cell>
            </drow>
        </data>
    </dataResult>
</mdbTest>
