<?xml version="1.0" encoding="UTF-8"?>
<mdbTest>
    <mdxQuery>SELECT {GENERATE([Time].[Year].MEMBERS,    {[Time].[Time].CURRENTMEMBER, [Time].[Time].CURRENTMEMBER.CHILDREN})} ON COLUMNS, [Promotions].[All Promotions].CHILDREN ON ROWS FROM [Sales] WHERE (Measures.[Unit Sales]) </mdxQuery>
    <dataResult>
        <slicer>
            <dimensions>
                <dim>[Measures]</dim>
                <dim>[Product]</dim>
                <dim>[Store]</dim>
                <dim>[Store Size in SQFT]</dim>
                <dim>[Store Type]</dim>
                <dim>[Customers]</dim>
                <dim>[Education Level]</dim>
                <dim>[Marital Status]</dim>
                <dim>[Yearly Income]</dim>
                <dim>[Promotion Media]</dim>
                <dim>[Gender]</dim>
            </dimensions>
            <tuples>
                <tuple>
                    <member>[Measures].[Unit Sales]</member>
                    <member>[Product].[All Products]</member>
                    <member>[Store].[All Stores]</member>
                    <member>[Store Size in SQFT].[All Store Size in SQFTs]</member>
                    <member>[Store Type].[All Store Types]</member>
                    <member>[Customers].[All Customers]</member>
                    <member>[Education Level].[All Education Levels]</member>
                    <member>[Marital Status].[All Marital Status]</member>
                    <member>[Yearly Income].[All Yearly Incomes]</member>
                    <member>[Promotion Media].[All Media]</member>
                    <member>[Gender].[All Gender]</member>
                </tuple>
            </tuples>
        </slicer>
        <columns>
            <dimensions>
                <dim>[Time]</dim>
            </dimensions>
            <tuples>
                <tuple>
                    <member>[Time].[1997]</member>
                </tuple>
                <tuple>
                    <member>[Time].[1997].[Q1]</member>
                </tuple>
                <tuple>
                    <member>[Time].[1997].[Q2]</member>
                </tuple>
                <tuple>
                    <member>[Time].[1997].[Q3]</member>
                </tuple>
                <tuple>
                    <member>[Time].[1997].[Q4]</member>
                </tuple>
                <tuple>
                    <member>[Time].[1998]</member>
                </tuple>
                <tuple>
                    <member>[Time].[1998].[Q1]</member>
                </tuple>
                <tuple>
                    <member>[Time].[1998].[Q2]</member>
                </tuple>
                <tuple>
                    <member>[Time].[1998].[Q3]</member>
                </tuple>
                <tuple>
                    <member>[Time].[1998].[Q4]</member>
                </tuple>
            </tuples>
        </columns>
        <rows>
            <dimensions>
                <dim>[Promotions]</dim>
            </dimensions>
            <tuples>
                <tuple>
                    <member>[Promotions].[Bag Stuffers]</member>
                </tuple>
                <tuple>
                    <member>[Promotions].[Best Savings]</member>
                </tuple>
                <tuple>
                    <member>[Promotions].[Big Promo]</member>
                </tuple>
                <tuple>
                    <member>[Promotions].[Big Time Discounts]</member>
                </tuple>
                <tuple>
                    <member>[Promotions].[Big Time Savings]</member>
                </tuple>
                <tuple>
                    <member>[Promotions].[Bye Bye Baby]</member>
                </tuple>
                <tuple>
                    <member>[Promotions].[Cash Register Lottery]</member>
                </tuple>
                <tuple>
                    <member>[Promotions].[Coupon Spectacular]</member>
                </tuple>
                <tuple>
                    <member>[Promotions].[Dimes Off]</member>
                </tuple>
                <tuple>
                    <member>[Promotions].[Dollar Cutters]</member>
                </tuple>
                <tuple>
                    <member>[Promotions].[Dollar Days]</member>
                </tuple>
                <tuple>
                    <member>[Promotions].[Double Down Sale]</member>
                </tuple>
                <tuple>
                    <member>[Promotions].[Double Your Savings]</member>
                </tuple>
                <tuple>
                    <member>[Promotions].[Fantastic Discounts]</member>
                </tuple>
                <tuple>
                    <member>[Promotions].[Free For All]</member>
                </tuple>
                <tuple>
                    <member>[Promotions].[Go For It]</member>
                </tuple>
                <tuple>
                    <member>[Promotions].[Green Light Days]</member>
                </tuple>
                <tuple>
                    <member>[Promotions].[Green Light Special]</member>
                </tuple>
                <tuple>
                    <member>[Promotions].[High Roller Savings]</member>
                </tuple>
                <tuple>
                    <member>[Promotions].[I Cant Believe It Sale]</member>
                </tuple>
                <tuple>
                    <member>[Promotions].[Money Grabbers]</member>
                </tuple>
                <tuple>
                    <member>[Promotions].[Money Savers]</member>
                </tuple>
                <tuple>
                    <member>[Promotions].[Mystery Sale]</member>
                </tuple>
                <tuple>
                    <member>[Promotions].[No Promotion]</member>
                </tuple>
                <tuple>
                    <member>[Promotions].[One Day Sale]</member>
                </tuple>
                <tuple>
                    <member>[Promotions].[Pick Your Savings]</member>
                </tuple>
                <tuple>
                    <member>[Promotions].[Price Cutters]</member>
                </tuple>
                <tuple>
                    <member>[Promotions].[Price Destroyers]</member>
                </tuple>
                <tuple>
                    <member>[Promotions].[Price Savers]</member>
                </tuple>
                <tuple>
                    <member>[Promotions].[Price Slashers]</member>
                </tuple>
                <tuple>
                    <member>[Promotions].[Price Smashers]</member>
                </tuple>
                <tuple>
                    <member>[Promotions].[Price Winners]</member>
                </tuple>
                <tuple>
                    <member>[Promotions].[Sale Winners]</member>
                </tuple>
                <tuple>
                    <member>[Promotions].[Sales Days]</member>
                </tuple>
                <tuple>
                    <member>[Promotions].[Sales Galore]</member>
                </tuple>
                <tuple>
                    <member>[Promotions].[Save-It Sale]</member>
                </tuple>
                <tuple>
                    <member>[Promotions].[Saving Days]</member>
                </tuple>
                <tuple>
                    <member>[Promotions].[Savings Galore]</member>
                </tuple>
                <tuple>
                    <member>[Promotions].[Shelf Clearing Days]</member>
                </tuple>
                <tuple>
                    <member>[Promotions].[Shelf Emptiers]</member>
                </tuple>
                <tuple>
                    <member>[Promotions].[Super Duper Savers]</member>
                </tuple>
                <tuple>
                    <member>[Promotions].[Super Savers]</member>
                </tuple>
                <tuple>
                    <member>[Promotions].[Super Wallet Savers]</member>
                </tuple>
                <tuple>
                    <member>[Promotions].[Three for One]</member>
                </tuple>
                <tuple>
                    <member>[Promotions].[Tip Top Savings]</member>
                </tuple>
                <tuple>
                    <member>[Promotions].[Two Day Sale]</member>
                </tuple>
                <tuple>
                    <member>[Promotions].[Two for One]</member>
                </tuple>
                <tuple>
                    <member>[Promotions].[Unbeatable Price Savers]</member>
                </tuple>
                <tuple>
                    <member>[Promotions].[Wallet Savers]</member>
                </tuple>
                <tuple>
                    <member>[Promotions].[Weekend Markdown]</member>
                </tuple>
                <tuple>
                    <member>[Promotions].[You Save Days]</member>
                </tuple>
            </tuples>
        </rows>
        <data>
            <drow>
                <cell>901.0</cell>
                <cell>42.0</cell>
                <cell>#Missing</cell>
                <cell>617.0</cell>
                <cell>242.0</cell>
                <cell>#Missing</cell>
                <cell>#Missing</cell>
                <cell>#Missing</cell>
                <cell>#Missing</cell>
                <cell>#Missing</cell>
            </drow>
            <drow>
                <cell>2081.0</cell>
                <cell>#Missing</cell>
                <cell>473.0</cell>
                <cell>597.0</cell>
                <cell>1011.0</cell>
                <cell>#Missing</cell>
                <cell>#Missing</cell>
                <cell>#Missing</cell>
                <cell>#Missing</cell>
                <cell>#Missing</cell>
            </drow>
            <drow>
                <cell>1789.0</cell>
                <cell>#Missing</cell>
                <cell>427.0</cell>
                <cell>38.0</cell>
                <cell>1324.0</cell>
                <cell>#Missing</cell>
                <cell>#Missing</cell>
                <cell>#Missing</cell>
                <cell>#Missing</cell>
                <cell>#Missing</cell>
            </drow>
            <drow>
                <cell>932.0</cell>
                <cell>399.0</cell>
                <cell>#Missing</cell>
                <cell>#Missing</cell>
                <cell>533.0</cell>
                <cell>#Missing</cell>
                <cell>#Missing</cell>
                <cell>#Missing</cell>
                <cell>#Missing</cell>
                <cell>#Missing</cell>
            </drow>
            <drow>
                <cell>700.0</cell>
                <cell>351.0</cell>
                <cell>#Missing</cell>
                <cell>294.0</cell>
                <cell>55.0</cell>
                <cell>#Missing</cell>
                <cell>#Missing</cell>
                <cell>#Missing</cell>
                <cell>#Missing</cell>
                <cell>#Missing</cell>
            </drow>
            <drow>
                <cell>921.0</cell>
                <cell>#Missing</cell>
                <cell>921.0</cell>
                <cell>#Missing</cell>
                <cell>#Missing</cell>
                <cell>#Missing</cell>
                <cell>#Missing</cell>
                <cell>#Missing</cell>
                <cell>#Missing</cell>
                <cell>#Missing</cell>
            </drow>
            <drow>
                <cell>4792.0</cell>
                <cell>3016.0</cell>
                <cell>1041.0</cell>
                <cell>735.0</cell>
                <cell>#Missing</cell>
                <cell>#Missing</cell>
                <cell>#Missing</cell>
                <cell>#Missing</cell>
                <cell>#Missing</cell>
                <cell>#Missing</cell>
            </drow>
            <drow>
                <cell>#Missing</cell>
                <cell>#Missing</cell>
                <cell>#Missing</cell>
                <cell>#Missing</cell>
                <cell>#Missing</cell>
                <cell>#Missing</cell>
                <cell>#Missing</cell>
                <cell>#Missing</cell>
                <cell>#Missing</cell>
                <cell>#Missing</cell>
            </drow>
            <drow>
                <cell>1219.0</cell>
                <cell>#Missing</cell>
                <cell>#Missing</cell>
                <cell>#Missing</cell>
                <cell>1219.0</cell>
                <cell>#Missing</cell>
                <cell>#Missing</cell>
                <cell>#Missing</cell>
                <cell>#Missing</cell>
                <cell>#Missing</cell>
            </drow>
            <drow>
                <cell>781.0</cell>
                <cell>#Missing</cell>
                <cell>358.0</cell>
                <cell>423.0</cell>
                <cell>#Missing</cell>
                <cell>#Missing</cell>
                <cell>#Missing</cell>
                <cell>#Missing</cell>
                <cell>#Missing</cell>
                <cell>#Missing</cell>
            </drow>
            <drow>
                <cell>1652.0</cell>
                <cell>394.0</cell>
                <cell>1258.0</cell>
                <cell>#Missing</cell>
                <cell>#Missing</cell>
                <cell>#Missing</cell>
                <cell>#Missing</cell>
                <cell>#Missing</cell>
                <cell>#Missing</cell>
                <cell>#Missing</cell>
            </drow>
            <drow>
                <cell>1959.0</cell>
                <cell>237.0</cell>
                <cell>#Missing</cell>
                <cell>1222.0</cell>
                <cell>500.0</cell>
                <cell>#Missing</cell>
                <cell>#Missing</cell>
                <cell>#Missing</cell>
                <cell>#Missing</cell>
                <cell>#Missing</cell>
            </drow>
            <drow>
                <cell>843.0</cell>
                <cell>#Missing</cell>
                <cell>#Missing</cell>
                <cell>325.0</cell>
                <cell>518.0</cell>
                <cell>#Missing</cell>
                <cell>#Missing</cell>
                <cell>#Missing</cell>
                <cell>#Missing</cell>
                <cell>#Missing</cell>
            </drow>
            <drow>
                <cell>#Missing</cell>
                <cell>#Missing</cell>
                <cell>#Missing</cell>
                <cell>#Missing</cell>
                <cell>#Missing</cell>
                <cell>#Missing</cell>
                <cell>#Missing</cell>
                <cell>#Missing</cell>
                <cell>#Missing</cell>
                <cell>#Missing</cell>
            </drow>
            <drow>
                <cell>1638.0</cell>
                <cell>555.0</cell>
                <cell>1083.0</cell>
                <cell>#Missing</cell>
                <cell>#Missing</cell>
                <cell>#Missing</cell>
                <cell>#Missing</cell>
                <cell>#Missing</cell>
                <cell>#Missing</cell>
                <cell>#Missing</cell>
            </drow>
            <drow>
                <cell>689.0</cell>
                <cell>55.0</cell>
                <cell>#Missing</cell>
                <cell>433.0</cell>
                <cell>201.0</cell>
                <cell>#Missing</cell>
                <cell>#Missing</cell>
                <cell>#Missing</cell>
                <cell>#Missing</cell>
                <cell>#Missing</cell>
            </drow>
            <drow>
                <cell>1607.0</cell>
                <cell>#Missing</cell>
                <cell>460.0</cell>
                <cell>#Missing</cell>
                <cell>1147.0</cell>
                <cell>#Missing</cell>
                <cell>#Missing</cell>
                <cell>#Missing</cell>
                <cell>#Missing</cell>
                <cell>#Missing</cell>
            </drow>
            <drow>
                <cell>436.0</cell>
                <cell>436.0</cell>
                <cell>#Missing</cell>
                <cell>#Missing</cell>
                <cell>#Missing</cell>
                <cell>#Missing</cell>
                <cell>#Missing</cell>
                <cell>#Missing</cell>
                <cell>#Missing</cell>
                <cell>#Missing</cell>
            </drow>
            <drow>
                <cell>2654.0</cell>
                <cell>2654.0</cell>
                <cell>#Missing</cell>
                <cell>#Missing</cell>
                <cell>#Missing</cell>
                <cell>#Missing</cell>
                <cell>#Missing</cell>
                <cell>#Missing</cell>
                <cell>#Missing</cell>
                <cell>#Missing</cell>
            </drow>
            <drow>
                <cell>253.0</cell>
                <cell>253.0</cell>
                <cell>#Missing</cell>
                <cell>#Missing</cell>
                <cell>#Missing</cell>
                <cell>#Missing</cell>
                <cell>#Missing</cell>
                <cell>#Missing</cell>
                <cell>#Missing</cell>
                <cell>#Missing</cell>
            </drow>
            <drow>
                <cell>#Missing</cell>
                <cell>#Missing</cell>
                <cell>#Missing</cell>
                <cell>#Missing</cell>
                <cell>#Missing</cell>
                <cell>#Missing</cell>
                <cell>#Missing</cell>
                <cell>#Missing</cell>
                <cell>#Missing</cell>
                <cell>#Missing</cell>
            </drow>
            <drow>
                <cell>899.0</cell>
                <cell>#Missing</cell>
                <cell>#Missing</cell>
                <cell>#Missing</cell>
                <cell>899.0</cell>
                <cell>#Missing</cell>
                <cell>#Missing</cell>
                <cell>#Missing</cell>
                <cell>#Missing</cell>
                <cell>#Missing</cell>
            </drow>
            <drow>
                <cell>1021.0</cell>
                <cell>510.0</cell>
                <cell>511.0</cell>
                <cell>#Missing</cell>
                <cell>#Missing</cell>
                <cell>#Missing</cell>
                <cell>#Missing</cell>
                <cell>#Missing</cell>
                <cell>#Missing</cell>
                <cell>#Missing</cell>
            </drow>
            <drow>
                <cell>195448.0</cell>
                <cell>45559.0</cell>
                <cell>46582.0</cell>
                <cell>50081.0</cell>
                <cell>53226.0</cell>
                <cell>#Missing</cell>
                <cell>#Missing</cell>
                <cell>#Missing</cell>
                <cell>#Missing</cell>
                <cell>#Missing</cell>
            </drow>
            <drow>
                <cell>1973.0</cell>
                <cell>#Missing</cell>
                <cell>951.0</cell>
                <cell>1022.0</cell>
                <cell>#Missing</cell>
                <cell>#Missing</cell>
                <cell>#Missing</cell>
                <cell>#Missing</cell>
                <cell>#Missing</cell>
                <cell>#Missing</cell>
            </drow>
            <drow>
                <cell>323.0</cell>
                <cell>#Missing</cell>
                <cell>323.0</cell>
                <cell>#Missing</cell>
                <cell>#Missing</cell>
                <cell>#Missing</cell>
                <cell>#Missing</cell>
                <cell>#Missing</cell>
                <cell>#Missing</cell>
                <cell>#Missing</cell>
            </drow>
            <drow>
                <cell>1624.0</cell>
                <cell>#Missing</cell>
                <cell>1053.0</cell>
                <cell>#Missing</cell>
                <cell>571.0</cell>
                <cell>#Missing</cell>
                <cell>#Missing</cell>
                <cell>#Missing</cell>
                <cell>#Missing</cell>
                <cell>#Missing</cell>
            </drow>
            <drow>
                <cell>2173.0</cell>
                <cell>821.0</cell>
                <cell>447.0</cell>
                <cell>905.0</cell>
                <cell>#Missing</cell>
                <cell>#Missing</cell>
                <cell>#Missing</cell>
                <cell>#Missing</cell>
                <cell>#Missing</cell>
                <cell>#Missing</cell>
            </drow>
            <drow>
                <cell>4094.0</cell>
                <cell>585.0</cell>
                <cell>#Missing</cell>
                <cell>1807.0</cell>
                <cell>1702.0</cell>
                <cell>#Missing</cell>
                <cell>#Missing</cell>
                <cell>#Missing</cell>
                <cell>#Missing</cell>
                <cell>#Missing</cell>
            </drow>
            <drow>
                <cell>1148.0</cell>
                <cell>420.0</cell>
                <cell>365.0</cell>
                <cell>363.0</cell>
                <cell>#Missing</cell>
                <cell>#Missing</cell>
                <cell>#Missing</cell>
                <cell>#Missing</cell>
                <cell>#Missing</cell>
                <cell>#Missing</cell>
            </drow>
            <drow>
                <cell>504.0</cell>
                <cell>#Missing</cell>
                <cell>#Missing</cell>
                <cell>504.0</cell>
                <cell>#Missing</cell>
                <cell>#Missing</cell>
                <cell>#Missing</cell>
                <cell>#Missing</cell>
                <cell>#Missing</cell>
                <cell>#Missing</cell>
            </drow>
            <drow>
                <cell>1294.0</cell>
                <cell>#Missing</cell>
                <cell>827.0</cell>
                <cell>467.0</cell>
                <cell>#Missing</cell>
                <cell>#Missing</cell>
                <cell>#Missing</cell>
                <cell>#Missing</cell>
                <cell>#Missing</cell>
                <cell>#Missing</cell>
            </drow>
            <drow>
                <cell>444.0</cell>
                <cell>#Missing</cell>
                <cell>#Missing</cell>
                <cell>#Missing</cell>
                <cell>444.0</cell>
                <cell>#Missing</cell>
                <cell>#Missing</cell>
                <cell>#Missing</cell>
                <cell>#Missing</cell>
                <cell>#Missing</cell>
            </drow>
            <drow>
                <cell>2055.0</cell>
                <cell>1393.0</cell>
                <cell>191.0</cell>
                <cell>460.0</cell>
                <cell>11.0</cell>
                <cell>#Missing</cell>
                <cell>#Missing</cell>
                <cell>#Missing</cell>
                <cell>#Missing</cell>
                <cell>#Missing</cell>
            </drow>
            <drow>
                <cell>2572.0</cell>
                <cell>#Missing</cell>
                <cell>398.0</cell>
                <cell>1641.0</cell>
                <cell>533.0</cell>
                <cell>#Missing</cell>
                <cell>#Missing</cell>
                <cell>#Missing</cell>
                <cell>#Missing</cell>
                <cell>#Missing</cell>
            </drow>
            <drow>
                <cell>2203.0</cell>
                <cell>#Missing</cell>
                <cell>#Missing</cell>
                <cell>439.0</cell>
                <cell>1764.0</cell>
                <cell>#Missing</cell>
                <cell>#Missing</cell>
                <cell>#Missing</cell>
                <cell>#Missing</cell>
                <cell>#Missing</cell>
            </drow>
            <drow>
                <cell>1446.0</cell>
                <cell>#Missing</cell>
                <cell>1446.0</cell>
                <cell>#Missing</cell>
                <cell>#Missing</cell>
                <cell>#Missing</cell>
                <cell>#Missing</cell>
                <cell>#Missing</cell>
                <cell>#Missing</cell>
                <cell>#Missing</cell>
            </drow>
            <drow>
                <cell>1382.0</cell>
                <cell>922.0</cell>
                <cell>400.0</cell>
                <cell>#Missing</cell>
                <cell>60.0</cell>
                <cell>#Missing</cell>
                <cell>#Missing</cell>
                <cell>#Missing</cell>
                <cell>#Missing</cell>
                <cell>#Missing</cell>
            </drow>
            <drow>
                <cell>754.0</cell>
                <cell>#Missing</cell>
                <cell>#Missing</cell>
                <cell>314.0</cell>
                <cell>440.0</cell>
                <cell>#Missing</cell>
                <cell>#Missing</cell>
                <cell>#Missing</cell>
                <cell>#Missing</cell>
                <cell>#Missing</cell>
            </drow>
            <drow>
                <cell>2118.0</cell>
                <cell>278.0</cell>
                <cell>562.0</cell>
                <cell>1278.0</cell>
                <cell>#Missing</cell>
                <cell>#Missing</cell>
                <cell>#Missing</cell>
                <cell>#Missing</cell>
                <cell>#Missing</cell>
                <cell>#Missing</cell>
            </drow>
            <drow>
                <cell>2628.0</cell>
                <cell>946.0</cell>
                <cell>#Missing</cell>
                <cell>#Missing</cell>
                <cell>1682.0</cell>
                <cell>#Missing</cell>
                <cell>#Missing</cell>
                <cell>#Missing</cell>
                <cell>#Missing</cell>
                <cell>#Missing</cell>
            </drow>
            <drow>
                <cell>2497.0</cell>
                <cell>396.0</cell>
                <cell>882.0</cell>
                <cell>617.0</cell>
                <cell>602.0</cell>
                <cell>#Missing</cell>
                <cell>#Missing</cell>
                <cell>#Missing</cell>
                <cell>#Missing</cell>
                <cell>#Missing</cell>
            </drow>
            <drow>
                <cell>1183.0</cell>
                <cell>387.0</cell>
                <cell>#Missing</cell>
                <cell>796.0</cell>
                <cell>#Missing</cell>
                <cell>#Missing</cell>
                <cell>#Missing</cell>
                <cell>#Missing</cell>
                <cell>#Missing</cell>
                <cell>#Missing</cell>
            </drow>
            <drow>
                <cell>1155.0</cell>
                <cell>650.0</cell>
                <cell>461.0</cell>
                <cell>44.0</cell>
                <cell>#Missing</cell>
                <cell>#Missing</cell>
                <cell>#Missing</cell>
                <cell>#Missing</cell>
                <cell>#Missing</cell>
                <cell>#Missing</cell>
            </drow>
            <drow>
                <cell>525.0</cell>
                <cell>26.0</cell>
                <cell>#Missing</cell>
                <cell>24.0</cell>
                <cell>475.0</cell>
                <cell>#Missing</cell>
                <cell>#Missing</cell>
                <cell>#Missing</cell>
                <cell>#Missing</cell>
                <cell>#Missing</cell>
            </drow>
            <drow>
                <cell>2053.0</cell>
                <cell>1477.0</cell>
                <cell>#Missing</cell>
                <cell>#Missing</cell>
                <cell>576.0</cell>
                <cell>#Missing</cell>
                <cell>#Missing</cell>
                <cell>#Missing</cell>
                <cell>#Missing</cell>
                <cell>#Missing</cell>
            </drow>
            <drow>
                <cell>335.0</cell>
                <cell>#Missing</cell>
                <cell>#Missing</cell>
                <cell>335.0</cell>
                <cell>#Missing</cell>
                <cell>#Missing</cell>
                <cell>#Missing</cell>
                <cell>#Missing</cell>
                <cell>#Missing</cell>
                <cell>#Missing</cell>
            </drow>
            <drow>
                <cell>2100.0</cell>
                <cell>1155.0</cell>
                <cell>878.0</cell>
                <cell>67.0</cell>
                <cell>#Missing</cell>
                <cell>#Missing</cell>
                <cell>#Missing</cell>
                <cell>#Missing</cell>
                <cell>#Missing</cell>
                <cell>#Missing</cell>
            </drow>
            <drow>
                <cell>916.0</cell>
                <cell>916.0</cell>
                <cell>#Missing</cell>
                <cell>#Missing</cell>
                <cell>#Missing</cell>
                <cell>#Missing</cell>
                <cell>#Missing</cell>
                <cell>#Missing</cell>
                <cell>#Missing</cell>
                <cell>#Missing</cell>
            </drow>
            <drow>
                <cell>914.0</cell>
                <cell>602.0</cell>
                <cell>312.0</cell>
                <cell>#Missing</cell>
                <cell>#Missing</cell>
                <cell>#Missing</cell>
                <cell>#Missing</cell>
                <cell>#Missing</cell>
                <cell>#Missing</cell>
                <cell>#Missing</cell>
            </drow>
            <drow>
                <cell>3145.0</cell>
                <cell>856.0</cell>
                <cell>#Missing</cell>
                <cell>#Missing</cell>
                <cell>2289.0</cell>
                <cell>#Missing</cell>
                <cell>#Missing</cell>
                <cell>#Missing</cell>
                <cell>#Missing</cell>
                <cell>#Missing</cell>
            </drow>
        </data>
    </dataResult>
</mdbTest>
