<?xml version="1.0" encoding="UTF-8"?>
<mdbTest>
    <mdxQuery>WITH MEMBER [Measures].[YTDSales] AS    'SUM(YTD(), [Measures].[Store Sales])', FORMAT_STRING = '#.00'  SELECT {DESCENDANTS([Time].[1997], [Month])} ON COLUMNS, {[Product].[Product Category].MEMBERS} ON ROWS FROM [Sales] WHERE ([Measures].[YTDSales])</mdxQuery>
    <dataResult>
        <slicer>
            <dimensions>
                <dim>[Measures]</dim>
                <dim>[Store]</dim>
                <dim>[Store Size in SQFT]</dim>
                <dim>[Store Type]</dim>
                <dim>[Promotions]</dim>
                <dim>[Customers]</dim>
                <dim>[Education Level]</dim>
                <dim>[Marital Status]</dim>
                <dim>[Yearly Income]</dim>
                <dim>[Promotion Media]</dim>
                <dim>[Gender]</dim>
            </dimensions>
            <tuples>
                <tuple>
                    <member>[Measures].[YTDSales]</member>
                    <member>[Store].[All Stores]</member>
                    <member>[Store Size in SQFT].[All Store Size in SQFTs]</member>
                    <member>[Store Type].[All Store Types]</member>
                    <member>[Promotions].[All Promotions]</member>
                    <member>[Customers].[All Customers]</member>
                    <member>[Education Level].[All Education Levels]</member>
                    <member>[Marital Status].[All Marital Status]</member>
                    <member>[Yearly Income].[All Yearly Incomes]</member>
                    <member>[Promotion Media].[All Media]</member>
                    <member>[Gender].[All Gender]</member>
                </tuple>
            </tuples>
        </slicer>
        <columns>
            <dimensions>
                <dim>[Time]</dim>
            </dimensions>
            <tuples>
                <tuple>
                    <member>[Time].[1997].[Q1].[1]</member>
                </tuple>
                <tuple>
                    <member>[Time].[1997].[Q1].[2]</member>
                </tuple>
                <tuple>
                    <member>[Time].[1997].[Q1].[3]</member>
                </tuple>
                <tuple>
                    <member>[Time].[1997].[Q2].[4]</member>
                </tuple>
                <tuple>
                    <member>[Time].[1997].[Q2].[5]</member>
                </tuple>
                <tuple>
                    <member>[Time].[1997].[Q2].[6]</member>
                </tuple>
                <tuple>
                    <member>[Time].[1997].[Q3].[7]</member>
                </tuple>
                <tuple>
                    <member>[Time].[1997].[Q3].[8]</member>
                </tuple>
                <tuple>
                    <member>[Time].[1997].[Q3].[9]</member>
                </tuple>
                <tuple>
                    <member>[Time].[1997].[Q4].[10]</member>
                </tuple>
                <tuple>
                    <member>[Time].[1997].[Q4].[11]</member>
                </tuple>
                <tuple>
                    <member>[Time].[1997].[Q4].[12]</member>
                </tuple>
            </tuples>
        </columns>
        <rows>
            <dimensions>
                <dim>[Product]</dim>
            </dimensions>
            <tuples>
                <tuple>
                    <member>[Product].[Drink].[Alcoholic Beverages].[Beer and Wine]</member>
                </tuple>
                <tuple>
                    <member>[Product].[Drink].[Beverages].[Carbonated Beverages]</member>
                </tuple>
                <tuple>
                    <member>[Product].[Drink].[Beverages].[Drinks]</member>
                </tuple>
                <tuple>
                    <member>[Product].[Drink].[Beverages].[Hot Beverages]</member>
                </tuple>
                <tuple>
                    <member>[Product].[Drink].[Beverages].[Pure Juice Beverages]</member>
                </tuple>
                <tuple>
                    <member>[Product].[Drink].[Dairy].[Dairy]</member>
                </tuple>
                <tuple>
                    <member>[Product].[Food].[Baked Goods].[Bread]</member>
                </tuple>
                <tuple>
                    <member>[Product].[Food].[Baking Goods].[Baking Goods]</member>
                </tuple>
                <tuple>
                    <member>[Product].[Food].[Baking Goods].[Jams and Jellies]</member>
                </tuple>
                <tuple>
                    <member>[Product].[Food].[Breakfast Foods].[Breakfast Foods]</member>
                </tuple>
                <tuple>
                    <member>[Product].[Food].[Canned Foods].[Canned Anchovies]</member>
                </tuple>
                <tuple>
                    <member>[Product].[Food].[Canned Foods].[Canned Clams]</member>
                </tuple>
                <tuple>
                    <member>[Product].[Food].[Canned Foods].[Canned Oysters]</member>
                </tuple>
                <tuple>
                    <member>[Product].[Food].[Canned Foods].[Canned Sardines]</member>
                </tuple>
                <tuple>
                    <member>[Product].[Food].[Canned Foods].[Canned Shrimp]</member>
                </tuple>
                <tuple>
                    <member>[Product].[Food].[Canned Foods].[Canned Soup]</member>
                </tuple>
                <tuple>
                    <member>[Product].[Food].[Canned Foods].[Canned Tuna]</member>
                </tuple>
                <tuple>
                    <member>[Product].[Food].[Canned Foods].[Vegetables]</member>
                </tuple>
                <tuple>
                    <member>[Product].[Food].[Canned Products].[Fruit]</member>
                </tuple>
                <tuple>
                    <member>[Product].[Food].[Dairy].[Dairy]</member>
                </tuple>
                <tuple>
                    <member>[Product].[Food].[Deli].[Meat]</member>
                </tuple>
                <tuple>
                    <member>[Product].[Food].[Deli].[Side Dishes]</member>
                </tuple>
                <tuple>
                    <member>[Product].[Food].[Eggs].[Eggs]</member>
                </tuple>
                <tuple>
                    <member>[Product].[Food].[Frozen Foods].[Breakfast Foods]</member>
                </tuple>
                <tuple>
                    <member>[Product].[Food].[Frozen Foods].[Frozen Desserts]</member>
                </tuple>
                <tuple>
                    <member>[Product].[Food].[Frozen Foods].[Frozen Entrees]</member>
                </tuple>
                <tuple>
                    <member>[Product].[Food].[Frozen Foods].[Meat]</member>
                </tuple>
                <tuple>
                    <member>[Product].[Food].[Frozen Foods].[Pizza]</member>
                </tuple>
                <tuple>
                    <member>[Product].[Food].[Frozen Foods].[Vegetables]</member>
                </tuple>
                <tuple>
                    <member>[Product].[Food].[Meat].[Meat]</member>
                </tuple>
                <tuple>
                    <member>[Product].[Food].[Produce].[Fruit]</member>
                </tuple>
                <tuple>
                    <member>[Product].[Food].[Produce].[Packaged Vegetables]</member>
                </tuple>
                <tuple>
                    <member>[Product].[Food].[Produce].[Specialty]</member>
                </tuple>
                <tuple>
                    <member>[Product].[Food].[Produce].[Vegetables]</member>
                </tuple>
                <tuple>
                    <member>[Product].[Food].[Seafood].[Seafood]</member>
                </tuple>
                <tuple>
                    <member>[Product].[Food].[Snack Foods].[Snack Foods]</member>
                </tuple>
                <tuple>
                    <member>[Product].[Food].[Snacks].[Candy]</member>
                </tuple>
                <tuple>
                    <member>[Product].[Food].[Starchy Foods].[Starchy Foods]</member>
                </tuple>
                <tuple>
                    <member>[Product].[Non-Consumable].[Carousel].[Specialty]</member>
                </tuple>
                <tuple>
                    <member>[Product].[Non-Consumable].[Checkout].[Hardware]</member>
                </tuple>
                <tuple>
                    <member>[Product].[Non-Consumable].[Checkout].[Miscellaneous]</member>
                </tuple>
                <tuple>
                    <member>[Product].[Non-Consumable].[Health and Hygiene].[Bathroom Products]</member>
                </tuple>
                <tuple>
                    <member>[Product].[Non-Consumable].[Health and Hygiene].[Cold Remedies]</member>
                </tuple>
                <tuple>
                    <member>[Product].[Non-Consumable].[Health and Hygiene].[Decongestants]</member>
                </tuple>
                <tuple>
                    <member>[Product].[Non-Consumable].[Health and Hygiene].[Hygiene]</member>
                </tuple>
                <tuple>
                    <member>[Product].[Non-Consumable].[Health and Hygiene].[Pain Relievers]</member>
                </tuple>
                <tuple>
                    <member>[Product].[Non-Consumable].[Household].[Bathroom Products]</member>
                </tuple>
                <tuple>
                    <member>[Product].[Non-Consumable].[Household].[Candles]</member>
                </tuple>
                <tuple>
                    <member>[Product].[Non-Consumable].[Household].[Cleaning Supplies]</member>
                </tuple>
                <tuple>
                    <member>[Product].[Non-Consumable].[Household].[Electrical]</member>
                </tuple>
                <tuple>
                    <member>[Product].[Non-Consumable].[Household].[Hardware]</member>
                </tuple>
                <tuple>
                    <member>[Product].[Non-Consumable].[Household].[Kitchen Products]</member>
                </tuple>
                <tuple>
                    <member>[Product].[Non-Consumable].[Household].[Paper Products]</member>
                </tuple>
                <tuple>
                    <member>[Product].[Non-Consumable].[Household].[Plastic Products]</member>
                </tuple>
                <tuple>
                    <member>[Product].[Non-Consumable].[Periodicals].[Magazines]</member>
                </tuple>
            </tuples>
        </rows>
        <data>
            <drow>
                <cell>981.88</cell>
                <cell>1901.15</cell>
                <cell>3082.0</cell>
                <cell>4215.73</cell>
                <cell>5329.98</cell>
                <cell>6588.37</cell>
                <cell>7891.24</cell>
                <cell>8925.15</cell>
                <cell>10038.86</cell>
                <cell>11228.58</cell>
                <cell>12587.6</cell>
                <cell>14029.08</cell>
            </drow>
            <drow>
                <cell>443.92</cell>
                <cell>1058.94</cell>
                <cell>1459.85</cell>
                <cell>1944.51</cell>
                <cell>2532.49</cell>
                <cell>3062.46</cell>
                <cell>3667.48</cell>
                <cell>4184.75</cell>
                <cell>4652.49</cell>
                <cell>5146.18</cell>
                <cell>5760.41</cell>
                <cell>6236.35</cell>
            </drow>
            <drow>
                <cell>448.32</cell>
                <cell>792.45</cell>
                <cell>1341.67</cell>
                <cell>1772.26</cell>
                <cell>2272.52</cell>
                <cell>2679.01</cell>
                <cell>3164.24</cell>
                <cell>3541.92</cell>
                <cell>3988.74</cell>
                <cell>4444.27</cell>
                <cell>4938.26</cell>
                <cell>5642.29</cell>
            </drow>
            <drow>
                <cell>875.8</cell>
                <cell>1505.07</cell>
                <cell>2315.3</cell>
                <cell>3066.44</cell>
                <cell>3912.45</cell>
                <cell>4589.73</cell>
                <cell>5412.72</cell>
                <cell>6128.21</cell>
                <cell>6827.7</cell>
                <cell>7383.97</cell>
                <cell>8341.01</cell>
                <cell>9261.74</cell>
            </drow>
            <drow>
                <cell>516.43</cell>
                <cell>1092.89</cell>
                <cell>1653.97</cell>
                <cell>2197.81</cell>
                <cell>2727.89</cell>
                <cell>3211.16</cell>
                <cell>3774.94</cell>
                <cell>4380.34</cell>
                <cell>4955.27</cell>
                <cell>5384.57</cell>
                <cell>6053.4</cell>
                <cell>6608.15</cell>
            </drow>
            <drow>
                <cell>509.01</cell>
                <cell>1062.85</cell>
                <cell>1733.01</cell>
                <cell>2273.58</cell>
                <cell>2801.44</cell>
                <cell>3369.65</cell>
                <cell>3999.34</cell>
                <cell>4457.14</cell>
                <cell>5031.32</cell>
                <cell>5664.25</cell>
                <cell>6353.5</cell>
                <cell>7058.6</cell>
            </drow>
            <drow>
                <cell>1306.7</cell>
                <cell>2597.09</cell>
                <cell>4024.78</cell>
                <cell>5148.25</cell>
                <cell>6392.93</cell>
                <cell>7667.82</cell>
                <cell>9155.56</cell>
                <cell>10566.85</cell>
                <cell>11831.73</cell>
                <cell>12990.24</cell>
                <cell>14650.4</cell>
                <cell>16455.43</cell>
            </drow>
            <drow>
                <cell>1389.85</cell>
                <cell>2611.52</cell>
                <cell>4080.42</cell>
                <cell>5164.8</cell>
                <cell>6569.89</cell>
                <cell>7661.96</cell>
                <cell>8878.65</cell>
                <cell>10070.32</cell>
                <cell>11387.13</cell>
                <cell>12515.13</cell>
                <cell>13802.39</cell>
                <cell>15446.69</cell>
            </drow>
            <drow>
                <cell>1780.81</cell>
                <cell>3577.2</cell>
                <cell>5497.73</cell>
                <cell>7356.5</cell>
                <cell>9156.44</cell>
                <cell>11019.14</cell>
                <cell>13035.15</cell>
                <cell>15058.14</cell>
                <cell>16810.78</cell>
                <cell>18474.79</cell>
                <cell>20684.85</cell>
                <cell>23223.72</cell>
            </drow>
            <drow>
                <cell>541.6</cell>
                <cell>1085.84</cell>
                <cell>1711.14</cell>
                <cell>2277.9</cell>
                <cell>2781.11</cell>
                <cell>3340.38</cell>
                <cell>3892.33</cell>
                <cell>4504.0</cell>
                <cell>5031.15</cell>
                <cell>5515.86</cell>
                <cell>6236.99</cell>
                <cell>6941.46</cell>
            </drow>
            <drow>
                <cell>132.4</cell>
                <cell>278.65</cell>
                <cell>503.53</cell>
                <cell>687.1</cell>
                <cell>831.44</cell>
                <cell>1053.48</cell>
                <cell>1242.59</cell>
                <cell>1398.76</cell>
                <cell>1595.86</cell>
                <cell>1756.66</cell>
                <cell>2042.32</cell>
                <cell>2296.38</cell>
            </drow>
            <drow>
                <cell>172.89</cell>
                <cell>353.31</cell>
                <cell>514.67</cell>
                <cell>694.49</cell>
                <cell>807.76</cell>
                <cell>955.57</cell>
                <cell>1169.58</cell>
                <cell>1312.66</cell>
                <cell>1441.63</cell>
                <cell>1532.43</cell>
                <cell>1717.2</cell>
                <cell>1912.68</cell>
            </drow>
            <drow>
                <cell>98.33</cell>
                <cell>231.25</cell>
                <cell>370.22</cell>
                <cell>485.19</cell>
                <cell>587.63</cell>
                <cell>671.71</cell>
                <cell>841.97</cell>
                <cell>948.72</cell>
                <cell>1085.54</cell>
                <cell>1203.93</cell>
                <cell>1309.94</cell>
                <cell>1442.77</cell>
            </drow>
            <drow>
                <cell>165.15</cell>
                <cell>285.69</cell>
                <cell>381.87</cell>
                <cell>481.01</cell>
                <cell>565.68</cell>
                <cell>693.82</cell>
                <cell>837.08</cell>
                <cell>933.22</cell>
                <cell>1030.63</cell>
                <cell>1095.3</cell>
                <cell>1246.62</cell>
                <cell>1357.8</cell>
            </drow>
            <drow>
                <cell>186.78</cell>
                <cell>383.73</cell>
                <cell>619.36</cell>
                <cell>773.49</cell>
                <cell>934.74</cell>
                <cell>1118.03</cell>
                <cell>1237.14</cell>
                <cell>1408.88</cell>
                <cell>1594.33</cell>
                <cell>1752.67</cell>
                <cell>1934.03</cell>
                <cell>2146.49</cell>
            </drow>
            <drow>
                <cell>1267.16</cell>
                <cell>2469.24</cell>
                <cell>3918.91</cell>
                <cell>5244.0</cell>
                <cell>6510.58</cell>
                <cell>7784.77</cell>
                <cell>9177.87</cell>
                <cell>10527.93</cell>
                <cell>11622.79</cell>
                <cell>12779.29</cell>
                <cell>14372.75</cell>
                <cell>15966.1</cell>
            </drow>
            <drow>
                <cell>326.11</cell>
                <cell>564.86</cell>
                <cell>822.48</cell>
                <cell>1027.51</cell>
                <cell>1258.36</cell>
                <cell>1481.01</cell>
                <cell>1722.43</cell>
                <cell>1989.54</cell>
                <cell>2335.06</cell>
                <cell>2596.94</cell>
                <cell>2904.4</cell>
                <cell>3210.76</cell>
            </drow>
            <drow>
                <cell>878.09</cell>
                <cell>1744.72</cell>
                <cell>2695.87</cell>
                <cell>3570.44</cell>
                <cell>4517.16</cell>
                <cell>5386.33</cell>
                <cell>6217.44</cell>
                <cell>7218.54</cell>
                <cell>8185.93</cell>
                <cell>9014.18</cell>
                <cell>10211.14</cell>
                <cell>11441.36</cell>
            </drow>
            <drow>
                <cell>237.75</cell>
                <cell>448.46</cell>
                <cell>724.7</cell>
                <cell>964.4</cell>
                <cell>1280.28</cell>
                <cell>1526.35</cell>
                <cell>1777.19</cell>
                <cell>2048.47</cell>
                <cell>2332.07</cell>
                <cell>2579.4</cell>
                <cell>2937.96</cell>
                <cell>3314.52</cell>
            </drow>
            <drow>
                <cell>2703.93</cell>
                <cell>5103.24</cell>
                <cell>7708.75</cell>
                <cell>10221.55</cell>
                <cell>12619.49</cell>
                <cell>14921.59</cell>
                <cell>17818.4</cell>
                <cell>20186.21</cell>
                <cell>22321.66</cell>
                <cell>24490.02</cell>
                <cell>27372.29</cell>
                <cell>30508.85</cell>
            </drow>
            <drow>
                <cell>1720.78</cell>
                <cell>3201.66</cell>
                <cell>5125.88</cell>
                <cell>6480.51</cell>
                <cell>8012.81</cell>
                <cell>9851.7</cell>
                <cell>11690.14</cell>
                <cell>13291.22</cell>
                <cell>14787.2</cell>
                <cell>16268.51</cell>
                <cell>18584.32</cell>
                <cell>20616.29</cell>
            </drow>
            <drow>
                <cell>375.09</cell>
                <cell>703.84</cell>
                <cell>1139.45</cell>
                <cell>1458.93</cell>
                <cell>1868.05</cell>
                <cell>2246.77</cell>
                <cell>2631.02</cell>
                <cell>2934.83</cell>
                <cell>3344.44</cell>
                <cell>3662.31</cell>
                <cell>4174.56</cell>
                <cell>4702.64</cell>
            </drow>
            <drow>
                <cell>681.88</cell>
                <cell>1273.5</cell>
                <cell>1949.79</cell>
                <cell>2705.98</cell>
                <cell>3422.22</cell>
                <cell>4185.94</cell>
                <cell>5116.64</cell>
                <cell>5872.95</cell>
                <cell>6560.89</cell>
                <cell>7334.13</cell>
                <cell>8342.85</cell>
                <cell>9200.76</cell>
            </drow>
            <drow>
                <cell>771.47</cell>
                <cell>1403.92</cell>
                <cell>2213.47</cell>
                <cell>2824.04</cell>
                <cell>3418.79</cell>
                <cell>4058.45</cell>
                <cell>4831.83</cell>
                <cell>5537.6</cell>
                <cell>6193.33</cell>
                <cell>6879.75</cell>
                <cell>7839.24</cell>
                <cell>8615.47</cell>
            </drow>
            <drow>
                <cell>1005.88</cell>
                <cell>2144.66</cell>
                <cell>3170.77</cell>
                <cell>4164.11</cell>
                <cell>5116.16</cell>
                <cell>6196.85</cell>
                <cell>7375.01</cell>
                <cell>8521.24</cell>
                <cell>9462.65</cell>
                <cell>10569.43</cell>
                <cell>11812.13</cell>
                <cell>13042.95</cell>
            </drow>
            <drow>
                <cell>465.75</cell>
                <cell>933.82</cell>
                <cell>1509.48</cell>
                <cell>1933.65</cell>
                <cell>2467.62</cell>
                <cell>2888.72</cell>
                <cell>3347.37</cell>
                <cell>3943.1</cell>
                <cell>4396.15</cell>
                <cell>4909.93</cell>
                <cell>5430.11</cell>
                <cell>5950.36</cell>
            </drow>
            <drow>
                <cell>500.48</cell>
                <cell>965.28</cell>
                <cell>1500.68</cell>
                <cell>2082.73</cell>
                <cell>2675.15</cell>
                <cell>3193.89</cell>
                <cell>3837.97</cell>
                <cell>4269.12</cell>
                <cell>4766.64</cell>
                <cell>5224.21</cell>
                <cell>5696.16</cell>
                <cell>6288.6</cell>
            </drow>
            <drow>
                <cell>503.55</cell>
                <cell>945.64</cell>
                <cell>1463.23</cell>
                <cell>2020.36</cell>
                <cell>2599.63</cell>
                <cell>3050.86</cell>
                <cell>3643.35</cell>
                <cell>4109.72</cell>
                <cell>4631.3</cell>
                <cell>5128.92</cell>
                <cell>5878.14</cell>
                <cell>6540.3</cell>
            </drow>
            <drow>
                <cell>1060.06</cell>
                <cell>2312.37</cell>
                <cell>3768.64</cell>
                <cell>4857.74</cell>
                <cell>6130.97</cell>
                <cell>7244.78</cell>
                <cell>8625.32</cell>
                <cell>9913.54</cell>
                <cell>10903.21</cell>
                <cell>11981.73</cell>
                <cell>13197.15</cell>
                <cell>14769.82</cell>
            </drow>
            <drow>
                <cell>233.87</cell>
                <cell>500.46</cell>
                <cell>818.44</cell>
                <cell>1104.76</cell>
                <cell>1381.91</cell>
                <cell>1659.87</cell>
                <cell>1964.48</cell>
                <cell>2315.59</cell>
                <cell>2644.97</cell>
                <cell>2942.16</cell>
                <cell>3272.79</cell>
                <cell>3669.89</cell>
            </drow>
            <drow>
                <cell>2115.13</cell>
                <cell>4418.45</cell>
                <cell>6581.18</cell>
                <cell>8299.53</cell>
                <cell>10288.99</cell>
                <cell>12478.92</cell>
                <cell>14644.41</cell>
                <cell>16865.9</cell>
                <cell>18840.54</cell>
                <cell>20749.42</cell>
                <cell>23030.17</cell>
                <cell>25816.13</cell>
            </drow>
            <drow>
                <cell>201.71</cell>
                <cell>258.47</cell>
                <cell>422.08</cell>
                <cell>602.78</cell>
                <cell>800.31</cell>
                <cell>903.12</cell>
                <cell>1136.16</cell>
                <cell>1327.81</cell>
                <cell>1479.71</cell>
                <cell>1617.53</cell>
                <cell>1765.62</cell>
                <cell>1977.86</cell>
            </drow>
            <drow>
                <cell>634.65</cell>
                <cell>1323.89</cell>
                <cell>2106.73</cell>
                <cell>2766.22</cell>
                <cell>3515.75</cell>
                <cell>4387.24</cell>
                <cell>5054.94</cell>
                <cell>5789.64</cell>
                <cell>6545.51</cell>
                <cell>7369.46</cell>
                <cell>8250.9</cell>
                <cell>9269.02</cell>
            </drow>
            <drow>
                <cell>3604.0</cell>
                <cell>7460.29</cell>
                <cell>11444.13</cell>
                <cell>14858.14</cell>
                <cell>18341.98</cell>
                <cell>22124.75</cell>
                <cell>26143.37</cell>
                <cell>29947.51</cell>
                <cell>33569.49</cell>
                <cell>37062.07</cell>
                <cell>41145.5</cell>
                <cell>45185.41</cell>
            </drow>
            <drow>
                <cell>272.57</cell>
                <cell>563.9</cell>
                <cell>842.81</cell>
                <cell>1167.64</cell>
                <cell>1443.78</cell>
                <cell>1705.49</cell>
                <cell>2088.69</cell>
                <cell>2370.43</cell>
                <cell>2610.23</cell>
                <cell>2943.11</cell>
                <cell>3328.11</cell>
                <cell>3809.14</cell>
            </drow>
            <drow>
                <cell>5490.25</cell>
                <cell>10798.55</cell>
                <cell>17089.74</cell>
                <cell>21897.1</cell>
                <cell>27069.71</cell>
                <cell>32751.33</cell>
                <cell>39093.34</cell>
                <cell>44681.78</cell>
                <cell>50067.8</cell>
                <cell>54726.33</cell>
                <cell>60734.29</cell>
                <cell>67609.82</cell>
            </drow>
            <drow>
                <cell>1160.58</cell>
                <cell>2292.59</cell>
                <cell>3578.41</cell>
                <cell>4761.18</cell>
                <cell>5704.61</cell>
                <cell>6716.1</cell>
                <cell>7965.02</cell>
                <cell>9196.57</cell>
                <cell>10503.98</cell>
                <cell>11663.04</cell>
                <cell>13123.66</cell>
                <cell>14550.05</cell>
            </drow>
            <drow>
                <cell>1007.87</cell>
                <cell>1896.94</cell>
                <cell>2961.98</cell>
                <cell>3926.5</cell>
                <cell>4832.84</cell>
                <cell>5770.58</cell>
                <cell>6829.64</cell>
                <cell>7804.04</cell>
                <cell>8590.59</cell>
                <cell>9513.16</cell>
                <cell>10522.21</cell>
                <cell>11756.07</cell>
            </drow>
            <drow>
                <cell>103.97</cell>
                <cell>243.65</cell>
                <cell>343.03</cell>
                <cell>467.37</cell>
                <cell>610.84</cell>
                <cell>705.94</cell>
                <cell>833.75</cell>
                <cell>914.36</cell>
                <cell>1072.26</cell>
                <cell>1202.24</cell>
                <cell>1383.76</cell>
                <cell>1500.11</cell>
            </drow>
            <drow>
                <cell>143.7</cell>
                <cell>351.71</cell>
                <cell>541.02</cell>
                <cell>656.59</cell>
                <cell>806.99</cell>
                <cell>960.85</cell>
                <cell>1039.96</cell>
                <cell>1122.21</cell>
                <cell>1246.41</cell>
                <cell>1376.62</cell>
                <cell>1582.89</cell>
                <cell>1785.5</cell>
            </drow>
            <drow>
                <cell>141.73</cell>
                <cell>311.18</cell>
                <cell>595.58</cell>
                <cell>710.17</cell>
                <cell>857.22</cell>
                <cell>1018.01</cell>
                <cell>1215.62</cell>
                <cell>1405.81</cell>
                <cell>1540.74</cell>
                <cell>1666.89</cell>
                <cell>1811.32</cell>
                <cell>1982.21</cell>
            </drow>
            <drow>
                <cell>983.45</cell>
                <cell>1778.19</cell>
                <cell>2922.93</cell>
                <cell>3737.02</cell>
                <cell>4773.13</cell>
                <cell>5780.78</cell>
                <cell>6798.85</cell>
                <cell>7712.71</cell>
                <cell>8564.49</cell>
                <cell>9595.58</cell>
                <cell>10665.72</cell>
                <cell>11881.6</cell>
            </drow>
            <drow>
                <cell>219.46</cell>
                <cell>445.5</cell>
                <cell>797.89</cell>
                <cell>1043.96</cell>
                <cell>1390.22</cell>
                <cell>1634.27</cell>
                <cell>1930.31</cell>
                <cell>2188.16</cell>
                <cell>2374.95</cell>
                <cell>2615.8</cell>
                <cell>2977.73</cell>
                <cell>3356.71</cell>
            </drow>
            <drow>
                <cell>271.72</cell>
                <cell>589.3</cell>
                <cell>784.17</cell>
                <cell>977.98</cell>
                <cell>1266.32</cell>
                <cell>1601.25</cell>
                <cell>1905.99</cell>
                <cell>2190.38</cell>
                <cell>2449.25</cell>
                <cell>2593.77</cell>
                <cell>2937.52</cell>
                <cell>3300.54</cell>
            </drow>
            <drow>
                <cell>481.6</cell>
                <cell>940.85</cell>
                <cell>1500.47</cell>
                <cell>1952.62</cell>
                <cell>2411.15</cell>
                <cell>2924.02</cell>
                <cell>3492.0</cell>
                <cell>3984.52</cell>
                <cell>4458.75</cell>
                <cell>4953.17</cell>
                <cell>5503.64</cell>
                <cell>6062.45</cell>
            </drow>
            <drow>
                <cell>528.37</cell>
                <cell>1179.02</cell>
                <cell>1910.25</cell>
                <cell>2548.63</cell>
                <cell>3225.5</cell>
                <cell>3854.98</cell>
                <cell>4597.66</cell>
                <cell>5233.84</cell>
                <cell>5825.24</cell>
                <cell>6499.7</cell>
                <cell>7223.3</cell>
                <cell>7970.56</cell>
            </drow>
            <drow>
                <cell>114.84</cell>
                <cell>213.98</cell>
                <cell>332.93</cell>
                <cell>396.8</cell>
                <cell>487.16</cell>
                <cell>585.16</cell>
                <cell>690.66</cell>
                <cell>786.03</cell>
                <cell>865.45</cell>
                <cell>946.54</cell>
                <cell>1032.45</cell>
                <cell>1147.27</cell>
            </drow>
            <drow>
                <cell>107.43</cell>
                <cell>172.56</cell>
                <cell>295.22</cell>
                <cell>394.62</cell>
                <cell>530.66</cell>
                <cell>684.7</cell>
                <cell>805.12</cell>
                <cell>921.87</cell>
                <cell>1064.1</cell>
                <cell>1138.27</cell>
                <cell>1237.09</cell>
                <cell>1360.1</cell>
            </drow>
            <drow>
                <cell>684.67</cell>
                <cell>1293.63</cell>
                <cell>1913.14</cell>
                <cell>2514.01</cell>
                <cell>3084.36</cell>
                <cell>3551.82</cell>
                <cell>4172.65</cell>
                <cell>4757.47</cell>
                <cell>5351.24</cell>
                <cell>5901.47</cell>
                <cell>6568.48</cell>
                <cell>7113.02</cell>
            </drow>
            <drow>
                <cell>1380.97</cell>
                <cell>2742.43</cell>
                <cell>4308.35</cell>
                <cell>5533.55</cell>
                <cell>6634.09</cell>
                <cell>7799.43</cell>
                <cell>9088.42</cell>
                <cell>10469.49</cell>
                <cell>11847.45</cell>
                <cell>12981.14</cell>
                <cell>14454.34</cell>
                <cell>16171.64</cell>
            </drow>
            <drow>
                <cell>240.53</cell>
                <cell>513.22</cell>
                <cell>886.0</cell>
                <cell>1126.56</cell>
                <cell>1417.47</cell>
                <cell>1700.13</cell>
                <cell>2021.97</cell>
                <cell>2315.07</cell>
                <cell>2603.59</cell>
                <cell>2932.63</cell>
                <cell>3219.25</cell>
                <cell>3627.02</cell>
            </drow>
            <drow>
                <cell>637.65</cell>
                <cell>1404.16</cell>
                <cell>2141.35</cell>
                <cell>3017.39</cell>
                <cell>3701.01</cell>
                <cell>4446.05</cell>
                <cell>5404.85</cell>
                <cell>6062.93</cell>
                <cell>6770.01</cell>
                <cell>7546.43</cell>
                <cell>8513.38</cell>
                <cell>9280.2</cell>
            </drow>
            <drow>
                <cell>1369.89</cell>
                <cell>2436.62</cell>
                <cell>3742.47</cell>
                <cell>4976.06</cell>
                <cell>6204.47</cell>
                <cell>7344.38</cell>
                <cell>8734.25</cell>
                <cell>9903.09</cell>
                <cell>11132.18</cell>
                <cell>12225.0</cell>
                <cell>13599.77</cell>
                <cell>15442.88</cell>
            </drow>
            <drow>
                <cell>568.67</cell>
                <cell>997.0</cell>
                <cell>1506.39</cell>
                <cell>2021.91</cell>
                <cell>2379.31</cell>
                <cell>3028.69</cell>
                <cell>3561.91</cell>
                <cell>4148.2</cell>
                <cell>4591.56</cell>
                <cell>5089.11</cell>
                <cell>5682.79</cell>
                <cell>6327.76</cell>
            </drow>
            <drow>
                <cell>792.56</cell>
                <cell>1439.1</cell>
                <cell>2260.04</cell>
                <cell>2952.5</cell>
                <cell>3701.45</cell>
                <cell>4476.46</cell>
                <cell>5315.49</cell>
                <cell>6142.06</cell>
                <cell>6809.54</cell>
                <cell>7550.56</cell>
                <cell>8293.69</cell>
                <cell>9056.76</cell>
            </drow>
        </data>
    </dataResult>
</mdbTest>
