<?xml version="1.0" encoding="UTF-8"?>
<mdbTest>
    <mdxQuery>Select {ToggleDrillState({[Store].[USA],[Store].[Canada],[Store].[Mexico]}, {[Store].[USA],[Store].[USA].[WA],[Store].[All Stores].[Mexico]})} on Axis(0) from [Sales]  </mdxQuery>
    <dataResult>
        <slicer>
            <dimensions>
                <dim>[Measures]</dim>
                <dim>[Time]</dim>
                <dim>[Product]</dim>
                <dim>[Store Size in SQFT]</dim>
                <dim>[Store Type]</dim>
                <dim>[Promotions]</dim>
                <dim>[Customers]</dim>
                <dim>[Education Level]</dim>
                <dim>[Marital Status]</dim>
                <dim>[Yearly Income]</dim>
                <dim>[Promotion Media]</dim>
                <dim>[Gender]</dim>
            </dimensions>
            <tuples>
                <tuple>
                    <member>[Measures].[Unit Sales]</member>
                    <member>[Time].[1997]</member>
                    <member>[Product].[All Products]</member>
                    <member>[Store Size in SQFT].[All Store Size in SQFTs]</member>
                    <member>[Store Type].[All Store Types]</member>
                    <member>[Promotions].[All Promotions]</member>
                    <member>[Customers].[All Customers]</member>
                    <member>[Education Level].[All Education Levels]</member>
                    <member>[Marital Status].[All Marital Status]</member>
                    <member>[Yearly Income].[All Yearly Incomes]</member>
                    <member>[Promotion Media].[All Media]</member>
                    <member>[Gender].[All Gender]</member>
                </tuple>
            </tuples>
        </slicer>
        <columns>
            <dimensions>
                <dim>[Store]</dim>
            </dimensions>
            <tuples>
                <tuple>
                    <member>[Store].[USA]</member>
                </tuple>
                <tuple>
                    <member>[Store].[USA].[CA]</member>
                </tuple>
                <tuple>
                    <member>[Store].[USA].[OR]</member>
                </tuple>
                <tuple>
                    <member>[Store].[USA].[WA]</member>
                </tuple>
                <tuple>
                    <member>[Store].[Canada]</member>
                </tuple>
                <tuple>
                    <member>[Store].[Mexico]</member>
                </tuple>
                <tuple>
                    <member>[Store].[Mexico].[DF]</member>
                </tuple>
                <tuple>
                    <member>[Store].[Mexico].[Guerrero]</member>
                </tuple>
                <tuple>
                    <member>[Store].[Mexico].[Jalisco]</member>
                </tuple>
                <tuple>
                    <member>[Store].[Mexico].[Veracruz]</member>
                </tuple>
                <tuple>
                    <member>[Store].[Mexico].[Yucatan]</member>
                </tuple>
                <tuple>
                    <member>[Store].[Mexico].[Zacatecas]</member>
                </tuple>
            </tuples>
        </columns>
        <data>
            <drow>
                <cell>266773.0</cell>
                <cell>74748.0</cell>
                <cell>67659.0</cell>
                <cell>124366.0</cell>
                <cell>#Missing</cell>
                <cell>#Missing</cell>
                <cell>#Missing</cell>
                <cell>#Missing</cell>
                <cell>#Missing</cell>
                <cell>#Missing</cell>
                <cell>#Missing</cell>
                <cell>#Missing</cell>
            </drow>
        </data>
    </dataResult>
</mdbTest>
