<?xml version="1.0" encoding="UTF-8"?>
<mdbTest>
    <mdxQuery>select { [Measures].[Customer Count] } on columns,     filter(descendants([Store].[USA]), ([Measures].[Customer Count]) &amp;gt; 1000) on rows from [Sales]</mdxQuery>
    <dataResult>
        <slicer>
            <dimensions>
                <dim>[Time]</dim>
                <dim>[Product]</dim>
                <dim>[Store Size in SQFT]</dim>
                <dim>[Store Type]</dim>
                <dim>[Promotions]</dim>
                <dim>[Customers]</dim>
                <dim>[Education Level]</dim>
                <dim>[Marital Status]</dim>
                <dim>[Yearly Income]</dim>
                <dim>[Promotion Media]</dim>
                <dim>[Gender]</dim>
            </dimensions>
            <tuples>
                <tuple>
                    <member>[Time].[1997]</member>
                    <member>[Product].[All Products]</member>
                    <member>[Store Size in SQFT].[All Store Size in SQFTs]</member>
                    <member>[Store Type].[All Store Types]</member>
                    <member>[Promotions].[All Promotions]</member>
                    <member>[Customers].[All Customers]</member>
                    <member>[Education Level].[All Education Levels]</member>
                    <member>[Marital Status].[All Marital Status]</member>
                    <member>[Yearly Income].[All Yearly Incomes]</member>
                    <member>[Promotion Media].[All Media]</member>
                    <member>[Gender].[All Gender]</member>
                </tuple>
            </tuples>
        </slicer>
        <columns>
            <dimensions>
                <dim>[Measures]</dim>
            </dimensions>
            <tuples>
                <tuple>
                    <member>[Measures].[Customer Count]</member>
                </tuple>
            </tuples>
        </columns>
        <rows>
            <dimensions>
                <dim>[Store]</dim>
            </dimensions>
            <tuples>
                <tuple>
                    <member>[Store].[USA]</member>
                </tuple>
                <tuple>
                    <member>[Store].[USA].[CA]</member>
                </tuple>
                <tuple>
                    <member>[Store].[USA].[CA].[Beverly Hills]</member>
                </tuple>
                <tuple>
                    <member>[Store].[USA].[CA].[Beverly Hills].[Store 6]</member>
                </tuple>
                <tuple>
                    <member>[Store].[USA].[CA].[Los Angeles]</member>
                </tuple>
                <tuple>
                    <member>[Store].[USA].[CA].[Los Angeles].[Store 7]</member>
                </tuple>
                <tuple>
                    <member>[Store].[USA].[OR]</member>
                </tuple>
                <tuple>
                    <member>[Store].[USA].[WA]</member>
                </tuple>
            </tuples>
        </rows>
        <data>
            <drow>
                <cell>5581.0</cell>
            </drow>
            <drow>
                <cell>2716.0</cell>
            </drow>
            <drow>
                <cell>1059.0</cell>
            </drow>
            <drow>
                <cell>1059.0</cell>
            </drow>
            <drow>
                <cell>1147.0</cell>
            </drow>
            <drow>
                <cell>1147.0</cell>
            </drow>
            <drow>
                <cell>1037.0</cell>
            </drow>
            <drow>
                <cell>1828.0</cell>
            </drow>
        </data>
    </dataResult>
</mdbTest>
