<?xml version="1.0" encoding="UTF-8"?>
<mdbTest>
    <mdxQuery>Select {CLOSINGPERIOD([Time].[Month], [Time].[Time].CURRENTMEMBER), [Time].[1997].[Q3]} on columns from [Warehouse]</mdxQuery>
    <dataResult>
        <slicer>
            <dimensions>
                <dim>[Measures]</dim>
                <dim>[Store]</dim>
                <dim>[Store Size in SQFT]</dim>
                <dim>[Store Type]</dim>
                <dim>[Warehouse]</dim>
            </dimensions>
            <tuples>
                <tuple>
                    <member>[Measures].[Store Invoice]</member>
                    <member>[Store].[All Stores]</member>
                    <member>[Store Size in SQFT].[All Store Size in SQFTs]</member>
                    <member>[Store Type].[All Store Types]</member>
                    <member>[Warehouse].[All Warehouses]</member>
                </tuple>
            </tuples>
        </slicer>
        <columns>
            <dimensions>
                <dim>[Time]</dim>
            </dimensions>
            <tuples>
                <tuple>
                    <member>[Time].[1997].[Q4].[12]</member>
                </tuple>
                <tuple>
                    <member>[Time].[1997].[Q3]</member>
                </tuple>
            </tuples>
        </columns>
        <data>
            <drow>
                <cell>7200.2753</cell>
                <cell>28825.8276</cell>
            </drow>
        </data>
    </dataResult>
</mdbTest>
