<?xml version="1.0" encoding="UTF-8"?>
<mdbTest>
    <mdxQuery>WITH MEMBER [Store Size in SQFT].[Less Than 23000] AS  'AGGREGATE({[Store Size in SQFT].[20319], [Store Size in SQFT].[21215], [Store Size in SQFT].[22478]})'
SELECT {[Store].[All Stores], [Store].[All Stores].Children} ON AXIS(0),
       {[Store Size in SQFT].[Less Than 23000], [Store Size in SQFT].Children} ON AXIS(1)
FROM [Sales]</mdxQuery>
    <dataResult>
        <slicer>
            <dimensions>
                <dim>[Measures]</dim>
                <dim>[Time]</dim>
                <dim>[Product]</dim>
                <dim>[Store Type]</dim>
                <dim>[Promotions]</dim>
                <dim>[Customers]</dim>
                <dim>[Education Level]</dim>
                <dim>[Marital Status]</dim>
                <dim>[Yearly Income]</dim>
                <dim>[Promotion Media]</dim>
                <dim>[Gender]</dim>
            </dimensions>
            <tuples>
                <tuple>
                    <member>[Measures].[Unit Sales]</member>
                    <member>[Time].[1997]</member>
                    <member>[Product].[All Products]</member>
                    <member>[Store Type].[All Store Types]</member>
                    <member>[Promotions].[All Promotions]</member>
                    <member>[Customers].[All Customers]</member>
                    <member>[Education Level].[All Education Levels]</member>
                    <member>[Marital Status].[All Marital Status]</member>
                    <member>[Yearly Income].[All Yearly Incomes]</member>
                    <member>[Promotion Media].[All Media]</member>
                    <member>[Gender].[All Gender]</member>
                </tuple>
            </tuples>
        </slicer>
        <columns>
            <dimensions>
                <dim>[Store]</dim>
            </dimensions>
            <tuples>
                <tuple>
                    <member>[Store].[All Stores]</member>
                </tuple>
                <tuple>
                    <member>[Store].[Canada]</member>
                </tuple>
                <tuple>
                    <member>[Store].[Mexico]</member>
                </tuple>
                <tuple>
                    <member>[Store].[USA]</member>
                </tuple>
            </tuples>
        </columns>
        <rows>
            <dimensions>
                <dim>[Store Size in SQFT]</dim>
            </dimensions>
            <tuples>
                <tuple>
                    <member>[Store Size in SQFT].[Less Than 23000]</member>
                </tuple>
                <tuple>
                    <member>[Store Size in SQFT].[#null]</member>
                </tuple>
                <tuple>
                    <member>[Store Size in SQFT].[20319]</member>
                </tuple>
                <tuple>
                    <member>[Store Size in SQFT].[21215]</member>
                </tuple>
                <tuple>
                    <member>[Store Size in SQFT].[22478]</member>
                </tuple>
                <tuple>
                    <member>[Store Size in SQFT].[23112]</member>
                </tuple>
                <tuple>
                    <member>[Store Size in SQFT].[23593]</member>
                </tuple>
                <tuple>
                    <member>[Store Size in SQFT].[23598]</member>
                </tuple>
                <tuple>
                    <member>[Store Size in SQFT].[23688]</member>
                </tuple>
                <tuple>
                    <member>[Store Size in SQFT].[23759]</member>
                </tuple>
                <tuple>
                    <member>[Store Size in SQFT].[24597]</member>
                </tuple>
                <tuple>
                    <member>[Store Size in SQFT].[27694]</member>
                </tuple>
                <tuple>
                    <member>[Store Size in SQFT].[28206]</member>
                </tuple>
                <tuple>
                    <member>[Store Size in SQFT].[30268]</member>
                </tuple>
                <tuple>
                    <member>[Store Size in SQFT].[30584]</member>
                </tuple>
                <tuple>
                    <member>[Store Size in SQFT].[30797]</member>
                </tuple>
                <tuple>
                    <member>[Store Size in SQFT].[33858]</member>
                </tuple>
                <tuple>
                    <member>[Store Size in SQFT].[34452]</member>
                </tuple>
                <tuple>
                    <member>[Store Size in SQFT].[34791]</member>
                </tuple>
                <tuple>
                    <member>[Store Size in SQFT].[36509]</member>
                </tuple>
                <tuple>
                    <member>[Store Size in SQFT].[38382]</member>
                </tuple>
                <tuple>
                    <member>[Store Size in SQFT].[39696]</member>
                </tuple>
            </tuples>
        </rows>
        <data>
            <drow>
                <cell>53207.0</cell>
                <cell>#Missing</cell>
                <cell>#Missing</cell>
                <cell>53207.0</cell>
            </drow>
            <drow>
                <cell>39329.0</cell>
                <cell>#Missing</cell>
                <cell>#Missing</cell>
                <cell>39329.0</cell>
            </drow>
            <drow>
                <cell>26079.0</cell>
                <cell>#Missing</cell>
                <cell>#Missing</cell>
                <cell>26079.0</cell>
            </drow>
            <drow>
                <cell>25011.0</cell>
                <cell>#Missing</cell>
                <cell>#Missing</cell>
                <cell>25011.0</cell>
            </drow>
            <drow>
                <cell>2117.0</cell>
                <cell>#Missing</cell>
                <cell>#Missing</cell>
                <cell>2117.0</cell>
            </drow>
            <drow>
                <cell>#Missing</cell>
                <cell>#Missing</cell>
                <cell>#Missing</cell>
                <cell>#Missing</cell>
            </drow>
            <drow>
                <cell>#Missing</cell>
                <cell>#Missing</cell>
                <cell>#Missing</cell>
                <cell>#Missing</cell>
            </drow>
            <drow>
                <cell>25663.0</cell>
                <cell>#Missing</cell>
                <cell>#Missing</cell>
                <cell>25663.0</cell>
            </drow>
            <drow>
                <cell>21333.0</cell>
                <cell>#Missing</cell>
                <cell>#Missing</cell>
                <cell>21333.0</cell>
            </drow>
            <drow>
                <cell>#Missing</cell>
                <cell>#Missing</cell>
                <cell>#Missing</cell>
                <cell>#Missing</cell>
            </drow>
            <drow>
                <cell>#Missing</cell>
                <cell>#Missing</cell>
                <cell>#Missing</cell>
                <cell>#Missing</cell>
            </drow>
            <drow>
                <cell>41580.0</cell>
                <cell>#Missing</cell>
                <cell>#Missing</cell>
                <cell>41580.0</cell>
            </drow>
            <drow>
                <cell>2237.0</cell>
                <cell>#Missing</cell>
                <cell>#Missing</cell>
                <cell>2237.0</cell>
            </drow>
            <drow>
                <cell>23591.0</cell>
                <cell>#Missing</cell>
                <cell>#Missing</cell>
                <cell>23591.0</cell>
            </drow>
            <drow>
                <cell>#Missing</cell>
                <cell>#Missing</cell>
                <cell>#Missing</cell>
                <cell>#Missing</cell>
            </drow>
            <drow>
                <cell>#Missing</cell>
                <cell>#Missing</cell>
                <cell>#Missing</cell>
                <cell>#Missing</cell>
            </drow>
            <drow>
                <cell>35257.0</cell>
                <cell>#Missing</cell>
                <cell>#Missing</cell>
                <cell>35257.0</cell>
            </drow>
            <drow>
                <cell>#Missing</cell>
                <cell>#Missing</cell>
                <cell>#Missing</cell>
                <cell>#Missing</cell>
            </drow>
            <drow>
                <cell>#Missing</cell>
                <cell>#Missing</cell>
                <cell>#Missing</cell>
                <cell>#Missing</cell>
            </drow>
            <drow>
                <cell>#Missing</cell>
                <cell>#Missing</cell>
                <cell>#Missing</cell>
                <cell>#Missing</cell>
            </drow>
            <drow>
                <cell>#Missing</cell>
                <cell>#Missing</cell>
                <cell>#Missing</cell>
                <cell>#Missing</cell>
            </drow>
            <drow>
                <cell>24576.0</cell>
                <cell>#Missing</cell>
                <cell>#Missing</cell>
                <cell>24576.0</cell>
            </drow>
        </data>
    </dataResult>
</mdbTest>
