<?xml version="1.0" encoding="UTF-8"?>
<mdbTest>
    <mdxQuery>with member [Store].[Sum CA Store Sales]  as 'Sum([Store].[USA].[CA].children, [Measures].[Store Sales])'  Select { [Store].[Sum CA Store Sales],[Store].[USA].[CA].children} on Axis(0), {[Time].[1997].children} on Axis(1) from [Sales] WHERE ([Measures].[Store Sales])</mdxQuery>
    <dataResult>
        <slicer>
            <dimensions>
                <dim>[Measures]</dim>
                <dim>[Product]</dim>
                <dim>[Store Size in SQFT]</dim>
                <dim>[Store Type]</dim>
                <dim>[Promotions]</dim>
                <dim>[Customers]</dim>
                <dim>[Education Level]</dim>
                <dim>[Marital Status]</dim>
                <dim>[Yearly Income]</dim>
                <dim>[Promotion Media]</dim>
                <dim>[Gender]</dim>
            </dimensions>
            <tuples>
                <tuple>
                    <member>[Measures].[Store Sales]</member>
                    <member>[Product].[All Products]</member>
                    <member>[Store Size in SQFT].[All Store Size in SQFTs]</member>
                    <member>[Store Type].[All Store Types]</member>
                    <member>[Promotions].[All Promotions]</member>
                    <member>[Customers].[All Customers]</member>
                    <member>[Education Level].[All Education Levels]</member>
                    <member>[Marital Status].[All Marital Status]</member>
                    <member>[Yearly Income].[All Yearly Incomes]</member>
                    <member>[Promotion Media].[All Media]</member>
                    <member>[Gender].[All Gender]</member>
                </tuple>
            </tuples>
        </slicer>
        <columns>
            <dimensions>
                <dim>[Store]</dim>
            </dimensions>
            <tuples>
                <tuple>
                    <member>[Store].[Sum CA Store Sales]</member>
                </tuple>
                <tuple>
                    <member>[Store].[USA].[CA].[Alameda]</member>
                </tuple>
                <tuple>
                    <member>[Store].[USA].[CA].[Beverly Hills]</member>
                </tuple>
                <tuple>
                    <member>[Store].[USA].[CA].[Los Angeles]</member>
                </tuple>
                <tuple>
                    <member>[Store].[USA].[CA].[San Diego]</member>
                </tuple>
                <tuple>
                    <member>[Store].[USA].[CA].[San Francisco]</member>
                </tuple>
            </tuples>
        </columns>
        <rows>
            <dimensions>
                <dim>[Time]</dim>
            </dimensions>
            <tuples>
                <tuple>
                    <member>[Time].[1997].[Q1]</member>
                </tuple>
                <tuple>
                    <member>[Time].[1997].[Q2]</member>
                </tuple>
                <tuple>
                    <member>[Time].[1997].[Q3]</member>
                </tuple>
                <tuple>
                    <member>[Time].[1997].[Q4]</member>
                </tuple>
            </tuples>
        </rows>
        <data>
            <drow>
                <cell>36175.2</cell>
                <cell>#Missing</cell>
                <cell>8203.89</cell>
                <cell>13736.97</cell>
                <cell>13297.83</cell>
                <cell>936.51</cell>
            </drow>
            <drow>
                <cell>38396.75</cell>
                <cell>#Missing</cell>
                <cell>12597.15</cell>
                <cell>11684.44</cell>
                <cell>12977.28</cell>
                <cell>1137.88</cell>
            </drow>
            <drow>
                <cell>39394.05</cell>
                <cell>#Missing</cell>
                <cell>10108.72</cell>
                <cell>13868.41</cell>
                <cell>14242.59</cell>
                <cell>1174.33</cell>
            </drow>
            <drow>
                <cell>45201.84</cell>
                <cell>#Missing</cell>
                <cell>14840.48</cell>
                <cell>15255.46</cell>
                <cell>13913.44</cell>
                <cell>1192.46</cell>
            </drow>
        </data>
    </dataResult>
</mdbTest>
