<?xml version="1.0" encoding="UTF-8"?>
<mdbTest>
    <mdxQuery>WITH MEMBER [Measures].[QTDProfit] AS    'SUM(QTD(), ([Measures].[Store Sales] - [Measures].[Store Cost]))' SELECT hierarchize([Time].[Time].MEMBERS) ON COLUMNS, {[Product].CHILDREN} ON ROWS FROM [Sales] WHERE ([Measures].[QTDProfit])</mdxQuery>
   <dataResult>
        <slicer>
            <dimensions>
                <dim>[Measures]</dim>
                <dim>[Store]</dim>
                <dim>[Store Size in SQFT]</dim>
                <dim>[Store Type]</dim>
                <dim>[Promotions]</dim>
                <dim>[Customers]</dim>
                <dim>[Education Level]</dim>
                <dim>[Marital Status]</dim>
                <dim>[Yearly Income]</dim>
                <dim>[Promotion Media]</dim>
                <dim>[Gender]</dim>
            </dimensions>
            <tuples>
                <tuple>
                    <member>[Measures].[QTDProfit]</member>
                    <member>[Store].[All Stores]</member>
                    <member>[Store Size in SQFT].[All Store Size in SQFTs]</member>
                    <member>[Store Type].[All Store Types]</member>
                    <member>[Promotions].[All Promotions]</member>
                    <member>[Customers].[All Customers]</member>
                    <member>[Education Level].[All Education Levels]</member>
                    <member>[Marital Status].[All Marital Status]</member>
                    <member>[Yearly Income].[All Yearly Incomes]</member>
                    <member>[Promotion Media].[All Media]</member>
                    <member>[Gender].[All Gender]</member>
                </tuple>
            </tuples>
        </slicer>
        <columns>
            <dimensions>
                <dim>[Time]</dim>
            </dimensions>
            <tuples>
                <tuple>
                    <member>[Time].[1997]</member>
                </tuple>
                <tuple>
                    <member>[Time].[1997].[Q1]</member>
                </tuple>
                <tuple>
                    <member>[Time].[1997].[Q1].[1]</member>
                </tuple>
                <tuple>
                    <member>[Time].[1997].[Q1].[2]</member>
                </tuple>
                <tuple>
                    <member>[Time].[1997].[Q1].[3]</member>
                </tuple>
                <tuple>
                    <member>[Time].[1997].[Q2]</member>
                </tuple>
                <tuple>
                    <member>[Time].[1997].[Q2].[4]</member>
                </tuple>
                <tuple>
                    <member>[Time].[1997].[Q2].[5]</member>
                </tuple>
                <tuple>
                    <member>[Time].[1997].[Q2].[6]</member>
                </tuple>
                <tuple>
                    <member>[Time].[1997].[Q3]</member>
                </tuple>
                <tuple>
                    <member>[Time].[1997].[Q3].[7]</member>
                </tuple>
                <tuple>
                    <member>[Time].[1997].[Q3].[8]</member>
                </tuple>
                <tuple>
                    <member>[Time].[1997].[Q3].[9]</member>
                </tuple>
                <tuple>
                    <member>[Time].[1997].[Q4]</member>
                </tuple>
                <tuple>
                    <member>[Time].[1997].[Q4].[10]</member>
                </tuple>
                <tuple>
                    <member>[Time].[1997].[Q4].[11]</member>
                </tuple>
                <tuple>
                    <member>[Time].[1997].[Q4].[12]</member>
                </tuple>
                <tuple>
                    <member>[Time].[1998]</member>
                </tuple>
                <tuple>
                    <member>[Time].[1998].[Q1]</member>
                </tuple>
                <tuple>
                    <member>[Time].[1998].[Q1].[1]</member>
                </tuple>
                <tuple>
                    <member>[Time].[1998].[Q1].[2]</member>
                </tuple>
                <tuple>
                    <member>[Time].[1998].[Q1].[3]</member>
                </tuple>
                <tuple>
                    <member>[Time].[1998].[Q2]</member>
                </tuple>
                <tuple>
                    <member>[Time].[1998].[Q2].[4]</member>
                </tuple>
                <tuple>
                    <member>[Time].[1998].[Q2].[5]</member>
                </tuple>
                <tuple>
                    <member>[Time].[1998].[Q2].[6]</member>
                </tuple>
                <tuple>
                    <member>[Time].[1998].[Q3]</member>
                </tuple>
                <tuple>
                    <member>[Time].[1998].[Q3].[7]</member>
                </tuple>
                <tuple>
                    <member>[Time].[1998].[Q3].[8]</member>
                </tuple>
                <tuple>
                    <member>[Time].[1998].[Q3].[9]</member>
                </tuple>
                <tuple>
                    <member>[Time].[1998].[Q4]</member>
                </tuple>
                <tuple>
                    <member>[Time].[1998].[Q4].[10]</member>
                </tuple>
                <tuple>
                    <member>[Time].[1998].[Q4].[11]</member>
                </tuple>
                <tuple>
                    <member>[Time].[1998].[Q4].[12]</member>
                </tuple>
            </tuples>
        </columns>
        <rows>
            <dimensions>
                <dim>[Product]</dim>
            </dimensions>
            <tuples>
                <tuple>
                    <member>[Product].[Drink]</member>
                </tuple>
                <tuple>
                    <member>[Product].[Food]</member>
                </tuple>
                <tuple>
                    <member>[Product].[Non-Consumable]</member>
                </tuple>
            </tuples>
        </rows>
        <data>
            <drow>
                <cell>#Missing</cell>
                <cell>6964.2966</cell>
                <cell>2261.6937</cell>
                <cell>4452.9824</cell>
                <cell>6964.2966</cell>
                <cell>7186.1098</cell>
                <cell>2347.3109</cell>
                <cell>4821.1774</cell>
                <cell>7186.1098</cell>
                <cell>7203.3445</cell>
                <cell>2654.7216</cell>
                <cell>4885.2686</cell>
                <cell>7203.3445</cell>
                <cell>8005.2245</cell>
                <cell>2266.8365</cell>
                <cell>5128.5049</cell>
                <cell>8005.2245</cell>
                <cell>#Missing</cell>
                <cell>#Missing</cell>
                <cell>#Missing</cell>
                <cell>#Missing</cell>
                <cell>#Missing</cell>
                <cell>#Missing</cell>
                <cell>#Missing</cell>
                <cell>#Missing</cell>
                <cell>#Missing</cell>
                <cell>#Missing</cell>
                <cell>#Missing</cell>
                <cell>#Missing</cell>
                <cell>#Missing</cell>
                <cell>#Missing</cell>
                <cell>#Missing</cell>
                <cell>#Missing</cell>
                <cell>#Missing</cell>
            </drow>
            <drow>
                <cell>#Missing</cell>
                <cell>60814.4714</cell>
                <cell>19827.935</cell>
                <cell>39117.3354</cell>
                <cell>60814.4714</cell>
                <cell>57323.3736</cell>
                <cell>18455.241</cell>
                <cell>37580.0737</cell>
                <cell>57323.3736</cell>
                <cell>61262.5473</cell>
                <cell>21858.1175</cell>
                <cell>42218.006</cell>
                <cell>61262.5473</cell>
                <cell>66364.4742</cell>
                <cell>18208.8711</cell>
                <cell>41442.1243</cell>
                <cell>66364.4742</cell>
                <cell>#Missing</cell>
                <cell>#Missing</cell>
                <cell>#Missing</cell>
                <cell>#Missing</cell>
                <cell>#Missing</cell>
                <cell>#Missing</cell>
                <cell>#Missing</cell>
                <cell>#Missing</cell>
                <cell>#Missing</cell>
                <cell>#Missing</cell>
                <cell>#Missing</cell>
                <cell>#Missing</cell>
                <cell>#Missing</cell>
                <cell>#Missing</cell>
                <cell>#Missing</cell>
                <cell>#Missing</cell>
                <cell>#Missing</cell>
            </drow>
            <drow>
                <cell>#Missing</cell>
                <cell>16097.3415</cell>
                <cell>5271.5687</cell>
                <cell>10250.0008</cell>
                <cell>16097.3415</cell>
                <cell>15192.5618</cell>
                <cell>4963.9988</cell>
                <cell>10039.0339</cell>
                <cell>15192.5618</cell>
                <cell>15901.1288</cell>
                <cell>5728.2499</cell>
                <cell>10900.8936</cell>
                <cell>15901.1288</cell>
                <cell>17296.0224</cell>
                <cell>4964.5568</cell>
                <cell>10875.5866</cell>
                <cell>17296.0224</cell>
                <cell>#Missing</cell>
                <cell>#Missing</cell>
                <cell>#Missing</cell>
                <cell>#Missing</cell>
                <cell>#Missing</cell>
                <cell>#Missing</cell>
                <cell>#Missing</cell>
                <cell>#Missing</cell>
                <cell>#Missing</cell>
                <cell>#Missing</cell>
                <cell>#Missing</cell>
                <cell>#Missing</cell>
                <cell>#Missing</cell>
                <cell>#Missing</cell>
                <cell>#Missing</cell>
                <cell>#Missing</cell>
                <cell>#Missing</cell>
            </drow>
        </data>
    </dataResult>
</mdbTest>
