<?xml version="1.0" encoding="UTF-8"?>
<mdbTest>
    <mdxQuery>WITH MEMBER Measures.[Country Name] AS 'Ancestor(Store.CurrentMember, [Store Country]).Name' SELECT {Measures.[Country Name], Measures.[Unit Sales]} ON COLUMNS, GENERATE([Store Country].MEMBERS, TOPPERCENT(DESCENDANTS([Store].CURRENTMEMBER,[Store].[Store Name]),1,[Measures].[Unit Sales])) ON ROWS FROM [Sales]</mdxQuery>
    <dataResult>
        <slicer>
            <dimensions>
                <dim>[Time]</dim>
                <dim>[Product]</dim>
                <dim>[Store Size in SQFT]</dim>
                <dim>[Store Type]</dim>
                <dim>[Promotions]</dim>
                <dim>[Customers]</dim>
                <dim>[Education Level]</dim>
                <dim>[Marital Status]</dim>
                <dim>[Yearly Income]</dim>
                <dim>[Promotion Media]</dim>
                <dim>[Gender]</dim>
            </dimensions>
            <tuples>
                <tuple>
                    <member>[Time].[1997]</member>
                    <member>[Product].[All Products]</member>
                    <member>[Store Size in SQFT].[All Store Size in SQFTs]</member>
                    <member>[Store Type].[All Store Types]</member>
                    <member>[Promotions].[All Promotions]</member>
                    <member>[Customers].[All Customers]</member>
                    <member>[Education Level].[All Education Levels]</member>
                    <member>[Marital Status].[All Marital Status]</member>
                    <member>[Yearly Income].[All Yearly Incomes]</member>
                    <member>[Promotion Media].[All Media]</member>
                    <member>[Gender].[All Gender]</member>
                </tuple>
            </tuples>
        </slicer>
        <columns>
            <dimensions>
                <dim>[Measures]</dim>
            </dimensions>
            <tuples>
                <tuple>
                    <member>[Measures].[Country Name]</member>
                </tuple>
                <tuple>
                    <member>[Measures].[Unit Sales]</member>
                </tuple>
            </tuples>
        </columns>
        <rows>
            <dimensions>
                <dim>[Store]</dim>
            </dimensions>
            <tuples>
                <tuple>
                    <member>[Store].[Canada].[BC].[Vancouver].[Store 19]</member>
                </tuple>
                <tuple>
                    <member>[Store].[Mexico].[DF].[Mexico City].[Store 9]</member>
                </tuple>
                <tuple>
                    <member>[Store].[USA].[OR].[Salem].[Store 13]</member>
                </tuple>
            </tuples>
        </rows>
        <data>
            <drow>
                <cell>Canada</cell>
                <cell>#Missing</cell>
            </drow>
            <drow>
                <cell>Mexico</cell>
                <cell>#Missing</cell>
            </drow>
            <drow>
                <cell>USA</cell>
                <cell>41580.0</cell>
            </drow>
        </data>
    </dataResult>
</mdbTest>
