<?xml version="1.0" encoding="UTF-8"?>
<mdbTest>
    <mdxQuery>select { ([Measures].[Unit Sales], [Time].[1997].[Q2]), ([Measures].[Unit Sales], [Time].[1997].[Q3])  } on columns,     filter(descendants([Store].[USA]), ([Measures].[Unit Sales], [Time].[1997].[Q3]) / ([Measures].[Unit Sales], [Time].[1997].[Q2]) &amp;gt; 1.2) on rows from [Sales] where ([Product].[Product Family].[Food])</mdxQuery>
    <dataResult>
        <slicer>
            <dimensions>
                <dim>[Product]</dim>
                <dim>[Store Size in SQFT]</dim>
                <dim>[Store Type]</dim>
                <dim>[Promotions]</dim>
                <dim>[Customers]</dim>
                <dim>[Education Level]</dim>
                <dim>[Marital Status]</dim>
                <dim>[Yearly Income]</dim>
                <dim>[Promotion Media]</dim>
                <dim>[Gender]</dim>
            </dimensions>
            <tuples>
                <tuple>
                    <member>[Product].[Food]</member>
                    <member>[Store Size in SQFT].[All Store Size in SQFTs]</member>
                    <member>[Store Type].[All Store Types]</member>
                    <member>[Promotions].[All Promotions]</member>
                    <member>[Customers].[All Customers]</member>
                    <member>[Education Level].[All Education Levels]</member>
                    <member>[Marital Status].[All Marital Status]</member>
                    <member>[Yearly Income].[All Yearly Incomes]</member>
                    <member>[Promotion Media].[All Media]</member>
                    <member>[Gender].[All Gender]</member>
                </tuple>
            </tuples>
        </slicer>
        <columns>
            <dimensions>
                <dim>[Measures]</dim>
                <dim>[Time]</dim>
            </dimensions>
            <tuples>
                <tuple>
                    <member>[Measures].[Unit Sales]</member>
                    <member>[Time].[1997].[Q2]</member>
                </tuple>
                <tuple>
                    <member>[Measures].[Unit Sales]</member>
                    <member>[Time].[1997].[Q3]</member>
                </tuple>
            </tuples>
        </columns>
        <rows>
            <dimensions>
                <dim>[Store]</dim>
            </dimensions>
            <tuples>
                <tuple>
                    <member>[Store].[USA].[OR].[Salem]</member>
                </tuple>
                <tuple>
                    <member>[Store].[USA].[OR].[Salem].[Store 13]</member>
                </tuple>
            </tuples>
        </rows>
        <data>
            <drow>
                <cell>5866.0</cell>
                <cell>8353.0</cell>
            </drow>
            <drow>
                <cell>5866.0</cell>
                <cell>8353.0</cell>
            </drow>
        </data>
    </dataResult>
</mdbTest>
