<?xml version="1.0" encoding="UTF-8"?>
<mdbTest>
    <mdxQuery>select {[Marital Status].[M], [Marital Status].[S]} on columns, {[Product].[All Products].children} on rows from [Sales]</mdxQuery>
    <dataResult>
        <slicer>
            <dimensions>
                <dim>[Measures]</dim>
                <dim>[Time]</dim>
                <dim>[Store]</dim>
                <dim>[Store Size in SQFT]</dim>
                <dim>[Store Type]</dim>
                <dim>[Promotions]</dim>
                <dim>[Customers]</dim>
                <dim>[Education Level]</dim>
                <dim>[Yearly Income]</dim>
                <dim>[Promotion Media]</dim>
                <dim>[Gender]</dim>
            </dimensions>
            <tuples>
                <tuple>
                    <member>[Measures].[Unit Sales]</member>
                    <member>[Time].[1997]</member>
                    <member>[Store].[All Stores]</member>
                    <member>[Store Size in SQFT].[All Store Size in SQFTs]</member>
                    <member>[Store Type].[All Store Types]</member>
                    <member>[Promotions].[All Promotions]</member>
                    <member>[Customers].[All Customers]</member>
                    <member>[Education Level].[All Education Levels]</member>
                    <member>[Yearly Income].[All Yearly Incomes]</member>
                    <member>[Promotion Media].[All Media]</member>
                    <member>[Gender].[All Gender]</member>
                </tuple>
            </tuples>
        </slicer>
        <columns>
            <dimensions>
                <dim>[Marital Status]</dim>
            </dimensions>
            <tuples>
                <tuple>
                    <member>[Marital Status].[M]</member>
                </tuple>
                <tuple>
                    <member>[Marital Status].[S]</member>
                </tuple>
            </tuples>
        </columns>
        <rows>
            <dimensions>
                <dim>[Product]</dim>
            </dimensions>
            <tuples>
                <tuple>
                    <member>[Product].[Drink]</member>
                </tuple>
                <tuple>
                    <member>[Product].[Food]</member>
                </tuple>
                <tuple>
                    <member>[Product].[Non-Consumable]</member>
                </tuple>
            </tuples>
        </rows>
        <data>
            <drow>
                <cell>12176.0</cell>
                <cell>12421.0</cell>
            </drow>
            <drow>
                <cell>94929.0</cell>
                <cell>97011.0</cell>
            </drow>
            <drow>
                <cell>24691.0</cell>
                <cell>25545.0</cell>
            </drow>
        </data>
    </dataResult>
</mdbTest>
