<?xml version="1.0" encoding="UTF-8"?>
<mdbTest>
    <mdxQuery>WITH MEMBER [Measures].[MTDProfit] AS    'SUM(MTD(), ([Measures].[Store Sales] - Measures.[Store Cost]))' SELECT {DESCENDANTS([Time].[1997], [Month])} ON COLUMNS, {[Product].[Product Category].MEMBERS} ON ROWS FROM [Sales] WHERE ([Measures].[MTDProfit]) </mdxQuery>
    <dataResult>
        <slicer>
            <dimensions>
                <dim>[Measures]</dim>
                <dim>[Store]</dim>
                <dim>[Store Size in SQFT]</dim>
                <dim>[Store Type]</dim>
                <dim>[Promotions]</dim>
                <dim>[Customers]</dim>
                <dim>[Education Level]</dim>
                <dim>[Marital Status]</dim>
                <dim>[Yearly Income]</dim>
                <dim>[Promotion Media]</dim>
                <dim>[Gender]</dim>
            </dimensions>
            <tuples>
                <tuple>
                    <member>[Measures].[MTDProfit]</member>
                    <member>[Store].[All Stores]</member>
                    <member>[Store Size in SQFT].[All Store Size in SQFTs]</member>
                    <member>[Store Type].[All Store Types]</member>
                    <member>[Promotions].[All Promotions]</member>
                    <member>[Customers].[All Customers]</member>
                    <member>[Education Level].[All Education Levels]</member>
                    <member>[Marital Status].[All Marital Status]</member>
                    <member>[Yearly Income].[All Yearly Incomes]</member>
                    <member>[Promotion Media].[All Media]</member>
                    <member>[Gender].[All Gender]</member>
                </tuple>
            </tuples>
        </slicer>
        <columns>
            <dimensions>
                <dim>[Time]</dim>
            </dimensions>
            <tuples>
                <tuple>
                    <member>[Time].[1997].[Q1].[1]</member>
                </tuple>
                <tuple>
                    <member>[Time].[1997].[Q1].[2]</member>
                </tuple>
                <tuple>
                    <member>[Time].[1997].[Q1].[3]</member>
                </tuple>
                <tuple>
                    <member>[Time].[1997].[Q2].[4]</member>
                </tuple>
                <tuple>
                    <member>[Time].[1997].[Q2].[5]</member>
                </tuple>
                <tuple>
                    <member>[Time].[1997].[Q2].[6]</member>
                </tuple>
                <tuple>
                    <member>[Time].[1997].[Q3].[7]</member>
                </tuple>
                <tuple>
                    <member>[Time].[1997].[Q3].[8]</member>
                </tuple>
                <tuple>
                    <member>[Time].[1997].[Q3].[9]</member>
                </tuple>
                <tuple>
                    <member>[Time].[1997].[Q4].[10]</member>
                </tuple>
                <tuple>
                    <member>[Time].[1997].[Q4].[11]</member>
                </tuple>
                <tuple>
                    <member>[Time].[1997].[Q4].[12]</member>
                </tuple>
            </tuples>
        </columns>
        <rows>
            <dimensions>
                <dim>[Product]</dim>
            </dimensions>
            <tuples>
                <tuple>
                    <member>[Product].[Drink].[Alcoholic Beverages].[Beer and Wine]</member>
                </tuple>
                <tuple>
                    <member>[Product].[Drink].[Beverages].[Carbonated Beverages]</member>
                </tuple>
                <tuple>
                    <member>[Product].[Drink].[Beverages].[Drinks]</member>
                </tuple>
                <tuple>
                    <member>[Product].[Drink].[Beverages].[Hot Beverages]</member>
                </tuple>
                <tuple>
                    <member>[Product].[Drink].[Beverages].[Pure Juice Beverages]</member>
                </tuple>
                <tuple>
                    <member>[Product].[Drink].[Dairy].[Dairy]</member>
                </tuple>
                <tuple>
                    <member>[Product].[Food].[Baked Goods].[Bread]</member>
                </tuple>
                <tuple>
                    <member>[Product].[Food].[Baking Goods].[Baking Goods]</member>
                </tuple>
                <tuple>
                    <member>[Product].[Food].[Baking Goods].[Jams and Jellies]</member>
                </tuple>
                <tuple>
                    <member>[Product].[Food].[Breakfast Foods].[Breakfast Foods]</member>
                </tuple>
                <tuple>
                    <member>[Product].[Food].[Canned Foods].[Canned Anchovies]</member>
                </tuple>
                <tuple>
                    <member>[Product].[Food].[Canned Foods].[Canned Clams]</member>
                </tuple>
                <tuple>
                    <member>[Product].[Food].[Canned Foods].[Canned Oysters]</member>
                </tuple>
                <tuple>
                    <member>[Product].[Food].[Canned Foods].[Canned Sardines]</member>
                </tuple>
                <tuple>
                    <member>[Product].[Food].[Canned Foods].[Canned Shrimp]</member>
                </tuple>
                <tuple>
                    <member>[Product].[Food].[Canned Foods].[Canned Soup]</member>
                </tuple>
                <tuple>
                    <member>[Product].[Food].[Canned Foods].[Canned Tuna]</member>
                </tuple>
                <tuple>
                    <member>[Product].[Food].[Canned Foods].[Vegetables]</member>
                </tuple>
                <tuple>
                    <member>[Product].[Food].[Canned Products].[Fruit]</member>
                </tuple>
                <tuple>
                    <member>[Product].[Food].[Dairy].[Dairy]</member>
                </tuple>
                <tuple>
                    <member>[Product].[Food].[Deli].[Meat]</member>
                </tuple>
                <tuple>
                    <member>[Product].[Food].[Deli].[Side Dishes]</member>
                </tuple>
                <tuple>
                    <member>[Product].[Food].[Eggs].[Eggs]</member>
                </tuple>
                <tuple>
                    <member>[Product].[Food].[Frozen Foods].[Breakfast Foods]</member>
                </tuple>
                <tuple>
                    <member>[Product].[Food].[Frozen Foods].[Frozen Desserts]</member>
                </tuple>
                <tuple>
                    <member>[Product].[Food].[Frozen Foods].[Frozen Entrees]</member>
                </tuple>
                <tuple>
                    <member>[Product].[Food].[Frozen Foods].[Meat]</member>
                </tuple>
                <tuple>
                    <member>[Product].[Food].[Frozen Foods].[Pizza]</member>
                </tuple>
                <tuple>
                    <member>[Product].[Food].[Frozen Foods].[Vegetables]</member>
                </tuple>
                <tuple>
                    <member>[Product].[Food].[Meat].[Meat]</member>
                </tuple>
                <tuple>
                    <member>[Product].[Food].[Produce].[Fruit]</member>
                </tuple>
                <tuple>
                    <member>[Product].[Food].[Produce].[Packaged Vegetables]</member>
                </tuple>
                <tuple>
                    <member>[Product].[Food].[Produce].[Specialty]</member>
                </tuple>
                <tuple>
                    <member>[Product].[Food].[Produce].[Vegetables]</member>
                </tuple>
                <tuple>
                    <member>[Product].[Food].[Seafood].[Seafood]</member>
                </tuple>
                <tuple>
                    <member>[Product].[Food].[Snack Foods].[Snack Foods]</member>
                </tuple>
                <tuple>
                    <member>[Product].[Food].[Snacks].[Candy]</member>
                </tuple>
                <tuple>
                    <member>[Product].[Food].[Starchy Foods].[Starchy Foods]</member>
                </tuple>
                <tuple>
                    <member>[Product].[Non-Consumable].[Carousel].[Specialty]</member>
                </tuple>
                <tuple>
                    <member>[Product].[Non-Consumable].[Checkout].[Hardware]</member>
                </tuple>
                <tuple>
                    <member>[Product].[Non-Consumable].[Checkout].[Miscellaneous]</member>
                </tuple>
                <tuple>
                    <member>[Product].[Non-Consumable].[Health and Hygiene].[Bathroom Products]</member>
                </tuple>
                <tuple>
                    <member>[Product].[Non-Consumable].[Health and Hygiene].[Cold Remedies]</member>
                </tuple>
                <tuple>
                    <member>[Product].[Non-Consumable].[Health and Hygiene].[Decongestants]</member>
                </tuple>
                <tuple>
                    <member>[Product].[Non-Consumable].[Health and Hygiene].[Hygiene]</member>
                </tuple>
                <tuple>
                    <member>[Product].[Non-Consumable].[Health and Hygiene].[Pain Relievers]</member>
                </tuple>
                <tuple>
                    <member>[Product].[Non-Consumable].[Household].[Bathroom Products]</member>
                </tuple>
                <tuple>
                    <member>[Product].[Non-Consumable].[Household].[Candles]</member>
                </tuple>
                <tuple>
                    <member>[Product].[Non-Consumable].[Household].[Cleaning Supplies]</member>
                </tuple>
                <tuple>
                    <member>[Product].[Non-Consumable].[Household].[Electrical]</member>
                </tuple>
                <tuple>
                    <member>[Product].[Non-Consumable].[Household].[Hardware]</member>
                </tuple>
                <tuple>
                    <member>[Product].[Non-Consumable].[Household].[Kitchen Products]</member>
                </tuple>
                <tuple>
                    <member>[Product].[Non-Consumable].[Household].[Paper Products]</member>
                </tuple>
                <tuple>
                    <member>[Product].[Non-Consumable].[Household].[Plastic Products]</member>
                </tuple>
                <tuple>
                    <member>[Product].[Non-Consumable].[Periodicals].[Magazines]</member>
                </tuple>
            </tuples>
        </rows>
        <data>
            <drow>
                <cell>592.3146</cell>
                <cell>553.3971</cell>
                <cell>712.4829</cell>
                <cell>681.1653</cell>
                <cell>673.115</cell>
                <cell>762.8817</cell>
                <cell>791.4585</cell>
                <cell>624.2659</cell>
                <cell>670.8185</cell>
                <cell>714.5089</cell>
                <cell>813.9311</cell>
                <cell>861.9553</cell>
            </drow>
            <drow>
                <cell>267.2418</cell>
                <cell>372.3767</cell>
                <cell>239.3697</cell>
                <cell>290.2031</cell>
                <cell>349.5211</cell>
                <cell>320.666</cell>
                <cell>357.3312</cell>
                <cell>310.9598</cell>
                <cell>284.6404</cell>
                <cell>298.7037</cell>
                <cell>370.9008</cell>
                <cell>289.8308</cell>
            </drow>
            <drow>
                <cell>268.3569</cell>
                <cell>205.4795</cell>
                <cell>329.5614</cell>
                <cell>263.1877</cell>
                <cell>304.8518</cell>
                <cell>244.6538</cell>
                <cell>296.4343</cell>
                <cell>222.8943</cell>
                <cell>265.3199</cell>
                <cell>278.604</cell>
                <cell>289.6063</cell>
                <cell>426.2308</cell>
            </drow>
            <drow>
                <cell>524.3535</cell>
                <cell>377.555</cell>
                <cell>485.7848</cell>
                <cell>452.7175</cell>
                <cell>501.8988</cell>
                <cell>412.5128</cell>
                <cell>494.5266</cell>
                <cell>427.6874</cell>
                <cell>415.8931</cell>
                <cell>336.0112</cell>
                <cell>572.4087</cell>
                <cell>552.3059</cell>
            </drow>
            <drow>
                <cell>307.6964</cell>
                <cell>346.2096</cell>
                <cell>345.3176</cell>
                <cell>330.7987</cell>
                <cell>320.6036</cell>
                <cell>285.4308</cell>
                <cell>337.945</cell>
                <cell>369.0326</cell>
                <cell>345.2542</cell>
                <cell>257.4875</cell>
                <cell>400.2584</cell>
                <cell>332.3843</cell>
            </drow>
            <drow>
                <cell>301.7305</cell>
                <cell>336.2708</cell>
                <cell>398.7978</cell>
                <cell>329.2386</cell>
                <cell>323.8762</cell>
                <cell>338.7873</cell>
                <cell>377.026</cell>
                <cell>275.707</cell>
                <cell>336.1498</cell>
                <cell>381.5212</cell>
                <cell>414.5631</cell>
                <cell>414.0125</cell>
            </drow>
            <drow>
                <cell>785.9984</cell>
                <cell>771.0192</cell>
                <cell>857.9507</cell>
                <cell>677.2676</cell>
                <cell>738.1725</cell>
                <cell>774.1896</cell>
                <cell>895.5313</cell>
                <cell>848.4926</cell>
                <cell>749.9328</cell>
                <cell>700.1186</cell>
                <cell>1003.7469</cell>
                <cell>1088.9179</cell>
            </drow>
            <drow>
                <cell>833.4271</cell>
                <cell>745.3311</cell>
                <cell>886.417</cell>
                <cell>651.0078</cell>
                <cell>837.6871</cell>
                <cell>661.5386</cell>
                <cell>745.904</cell>
                <cell>713.8255</cell>
                <cell>796.9313</cell>
                <cell>681.7984</cell>
                <cell>778.5297</cell>
                <cell>990.9681</cell>
            </drow>
            <drow>
                <cell>1073.2551</cell>
                <cell>1077.8584</cell>
                <cell>1157.1587</cell>
                <cell>1110.7784</cell>
                <cell>1082.9016</cell>
                <cell>1125.3604</cell>
                <cell>1222.0983</cell>
                <cell>1205.5078</cell>
                <cell>1059.555</cell>
                <cell>1005.172</cell>
                <cell>1331.628</cell>
                <cell>1525.1605</cell>
            </drow>
            <drow>
                <cell>322.2093</cell>
                <cell>337.5244</cell>
                <cell>371.2499</cell>
                <cell>335.6622</cell>
                <cell>300.5777</cell>
                <cell>340.1835</cell>
                <cell>331.5799</cell>
                <cell>374.113</cell>
                <cell>323.5633</cell>
                <cell>290.2831</cell>
                <cell>438.8676</cell>
                <cell>418.8495</cell>
            </drow>
            <drow>
                <cell>83.5721</cell>
                <cell>89.0176</cell>
                <cell>132.3092</cell>
                <cell>108.9983</cell>
                <cell>86.0177</cell>
                <cell>134.8645</cell>
                <cell>115.5963</cell>
                <cell>91.9181</cell>
                <cell>116.7685</cell>
                <cell>99.43</cell>
                <cell>173.019</cell>
                <cell>150.9901</cell>
            </drow>
            <drow>
                <cell>102.4608</cell>
                <cell>110.6954</cell>
                <cell>95.5756</cell>
                <cell>111.2018</cell>
                <cell>68.8332</cell>
                <cell>89.3567</cell>
                <cell>126.8226</cell>
                <cell>86.894</cell>
                <cell>80.5545</cell>
                <cell>56.6965</cell>
                <cell>110.3042</cell>
                <cell>113.4856</cell>
            </drow>
            <drow>
                <cell>61.2867</cell>
                <cell>78.7473</cell>
                <cell>86.9528</cell>
                <cell>68.7524</cell>
                <cell>61.9849</cell>
                <cell>51.3622</cell>
                <cell>100.2098</cell>
                <cell>66.7814</cell>
                <cell>82.239</cell>
                <cell>72.1347</cell>
                <cell>63.9074</cell>
                <cell>76.9092</cell>
            </drow>
            <drow>
                <cell>100.7899</cell>
                <cell>73.5147</cell>
                <cell>60.8561</cell>
                <cell>60.6479</cell>
                <cell>49.6264</cell>
                <cell>77.2709</cell>
                <cell>88.3352</cell>
                <cell>55.7899</cell>
                <cell>58.4226</cell>
                <cell>39.0464</cell>
                <cell>90.1538</cell>
                <cell>65.7548</cell>
            </drow>
            <drow>
                <cell>116.5241</cell>
                <cell>120.3196</cell>
                <cell>139.3604</cell>
                <cell>89.7701</cell>
                <cell>95.6103</cell>
                <cell>108.2189</cell>
                <cell>72.8807</cell>
                <cell>101.3077</cell>
                <cell>111.3908</cell>
                <cell>95.6095</cell>
                <cell>107.1226</cell>
                <cell>129.9877</cell>
            </drow>
            <drow>
                <cell>760.7942</cell>
                <cell>726.9151</cell>
                <cell>866.3797</cell>
                <cell>788.2202</cell>
                <cell>749.6</cell>
                <cell>764.1442</cell>
                <cell>839.0386</cell>
                <cell>804.0824</cell>
                <cell>658.0307</cell>
                <cell>701.5803</cell>
                <cell>941.7297</cell>
                <cell>957.2969</cell>
            </drow>
            <drow>
                <cell>195.072</cell>
                <cell>141.2049</cell>
                <cell>153.117</cell>
                <cell>120.7627</cell>
                <cell>139.1947</cell>
                <cell>132.9365</cell>
                <cell>147.2015</cell>
                <cell>163.1633</cell>
                <cell>207.947</cell>
                <cell>154.9416</cell>
                <cell>181.5695</cell>
                <cell>185.1322</cell>
            </drow>
            <drow>
                <cell>531.9242</cell>
                <cell>517.1411</cell>
                <cell>567.8105</cell>
                <cell>535.125</cell>
                <cell>569.1219</cell>
                <cell>530.7175</cell>
                <cell>501.2376</cell>
                <cell>613.0529</cell>
                <cell>580.9691</cell>
                <cell>494.7718</cell>
                <cell>707.399</cell>
                <cell>735.5199</cell>
            </drow>
            <drow>
                <cell>140.2021</cell>
                <cell>128.2603</cell>
                <cell>164.2302</cell>
                <cell>139.9913</cell>
                <cell>189.3366</cell>
                <cell>149.2908</cell>
                <cell>149.6402</cell>
                <cell>162.4675</cell>
                <cell>174.4968</cell>
                <cell>148.8815</cell>
                <cell>221.892</cell>
                <cell>228.6994</cell>
            </drow>
            <drow>
                <cell>1625.505</cell>
                <cell>1422.9799</cell>
                <cell>1564.0387</cell>
                <cell>1506.3819</cell>
                <cell>1435.2563</cell>
                <cell>1397.1923</cell>
                <cell>1726.273</cell>
                <cell>1424.4165</cell>
                <cell>1282.634</cell>
                <cell>1292.2836</cell>
                <cell>1721.472</cell>
                <cell>1881.5659</cell>
            </drow>
            <drow>
                <cell>1040.4595</cell>
                <cell>891.8004</cell>
                <cell>1141.3777</cell>
                <cell>820.5202</cell>
                <cell>923.421</cell>
                <cell>1100.0055</cell>
                <cell>1104.4133</cell>
                <cell>974.7286</cell>
                <cell>896.4808</cell>
                <cell>891.123</cell>
                <cell>1390.3017</cell>
                <cell>1225.8458</cell>
            </drow>
            <drow>
                <cell>217.3055</cell>
                <cell>196.7813</cell>
                <cell>260.1296</cell>
                <cell>190.7028</cell>
                <cell>244.7697</cell>
                <cell>224.042</cell>
                <cell>232.6635</cell>
                <cell>182.7012</cell>
                <cell>244.2695</cell>
                <cell>194.048</cell>
                <cell>308.2182</cell>
                <cell>313.9511</cell>
            </drow>
            <drow>
                <cell>410.005</cell>
                <cell>354.1706</cell>
                <cell>404.3848</cell>
                <cell>451.034</cell>
                <cell>434.4439</cell>
                <cell>462.6667</cell>
                <cell>556.7757</cell>
                <cell>451.564</cell>
                <cell>407.0097</cell>
                <cell>457.3661</cell>
                <cell>605.3547</cell>
                <cell>521.0842</cell>
            </drow>
            <drow>
                <cell>469.0806</cell>
                <cell>379.6963</cell>
                <cell>486.7459</cell>
                <cell>366.215</cell>
                <cell>362.5006</cell>
                <cell>385.9777</cell>
                <cell>458.5681</cell>
                <cell>429.1292</cell>
                <cell>394.3293</cell>
                <cell>423.7597</cell>
                <cell>578.2492</cell>
                <cell>465.0976</cell>
            </drow>
            <drow>
                <cell>600.1638</cell>
                <cell>685.6317</cell>
                <cell>616.5169</cell>
                <cell>591.5362</cell>
                <cell>574.1585</cell>
                <cell>642.6027</cell>
                <cell>704.2034</cell>
                <cell>686.4782</cell>
                <cell>569.7551</cell>
                <cell>654.9767</cell>
                <cell>749.0642</cell>
                <cell>742.2848</cell>
            </drow>
            <drow>
                <cell>286.9421</cell>
                <cell>278.7126</cell>
                <cell>347.0357</cell>
                <cell>258.2753</cell>
                <cell>319.1774</cell>
                <cell>252.4399</cell>
                <cell>278.7021</cell>
                <cell>351.1019</cell>
                <cell>271.4409</cell>
                <cell>302.6002</cell>
                <cell>310.4236</cell>
                <cell>318.0497</cell>
            </drow>
            <drow>
                <cell>297.6056</cell>
                <cell>275.1458</cell>
                <cell>318.9253</cell>
                <cell>338.5875</cell>
                <cell>356.7537</cell>
                <cell>309.2609</cell>
                <cell>390.2027</cell>
                <cell>270.3641</cell>
                <cell>296.941</cell>
                <cell>276.5984</cell>
                <cell>285.8529</cell>
                <cell>353.163</cell>
            </drow>
            <drow>
                <cell>302.1932</cell>
                <cell>267.6968</cell>
                <cell>304.0552</cell>
                <cell>328.5839</cell>
                <cell>348.5657</cell>
                <cell>273.2065</cell>
                <cell>353.9148</cell>
                <cell>280.9906</cell>
                <cell>323.9571</cell>
                <cell>299.1441</cell>
                <cell>446.2825</cell>
                <cell>402.4598</cell>
            </drow>
            <drow>
                <cell>632.3337</cell>
                <cell>744.1498</cell>
                <cell>879.0035</cell>
                <cell>656.312</cell>
                <cell>768.0067</cell>
                <cell>666.4158</cell>
                <cell>835.6418</cell>
                <cell>774.4948</cell>
                <cell>603.7346</cell>
                <cell>642.5403</cell>
                <cell>738.6534</cell>
                <cell>943.481</cell>
            </drow>
            <drow>
                <cell>142.5213</cell>
                <cell>160.8274</cell>
                <cell>192.5403</cell>
                <cell>171.7278</cell>
                <cell>166.0303</cell>
                <cell>171.492</cell>
                <cell>180.0605</cell>
                <cell>208.5142</cell>
                <cell>198.3663</cell>
                <cell>172.5749</cell>
                <cell>199.4826</cell>
                <cell>240.3308</cell>
            </drow>
            <drow>
                <cell>1269.7775</cell>
                <cell>1386.1438</cell>
                <cell>1294.0776</cell>
                <cell>1029.9485</cell>
                <cell>1188.8894</cell>
                <cell>1308.8268</cell>
                <cell>1298.9834</cell>
                <cell>1343.4876</cell>
                <cell>1194.153</cell>
                <cell>1142.1187</cell>
                <cell>1363.1507</cell>
                <cell>1683.8065</cell>
            </drow>
            <drow>
                <cell>118.6592</cell>
                <cell>34.6187</cell>
                <cell>93.6291</cell>
                <cell>109.6616</cell>
                <cell>120.9814</cell>
                <cell>59.4076</cell>
                <cell>138.801</cell>
                <cell>113.8969</cell>
                <cell>92.403</cell>
                <cell>83.1544</cell>
                <cell>86.542</cell>
                <cell>126.3862</cell>
            </drow>
            <drow>
                <cell>383.5816</cell>
                <cell>418.9843</cell>
                <cell>469.7724</cell>
                <cell>397.1653</cell>
                <cell>445.5288</cell>
                <cell>523.1859</cell>
                <cell>405.1871</cell>
                <cell>440.4774</cell>
                <cell>457.2495</cell>
                <cell>504.8431</cell>
                <cell>527.8272</cell>
                <cell>625.1851</cell>
            </drow>
            <drow>
                <cell>2159.6983</cell>
                <cell>2303.1623</cell>
                <cell>2407.7237</cell>
                <cell>2047.2094</cell>
                <cell>2076.8401</cell>
                <cell>2282.6699</cell>
                <cell>2423.1964</cell>
                <cell>2285.2137</cell>
                <cell>2181.9007</cell>
                <cell>2092.0151</cell>
                <cell>2463.4042</cell>
                <cell>2413.5629</cell>
            </drow>
            <drow>
                <cell>168.1696</cell>
                <cell>175.3648</cell>
                <cell>167.1749</cell>
                <cell>193.2643</cell>
                <cell>165.5014</cell>
                <cell>158.3628</cell>
                <cell>226.3728</cell>
                <cell>178.2459</cell>
                <cell>143.5844</cell>
                <cell>195.7421</cell>
                <cell>228.4197</cell>
                <cell>288.2389</cell>
            </drow>
            <drow>
                <cell>3286.6458</cell>
                <cell>3193.8153</cell>
                <cell>3794.1209</cell>
                <cell>2899.9448</cell>
                <cell>3123.8637</cell>
                <cell>3411.106</cell>
                <cell>3821.3837</cell>
                <cell>3353.0768</cell>
                <cell>3234.2139</cell>
                <cell>2789.1814</cell>
                <cell>3603.5158</cell>
                <cell>4135.6113</cell>
            </drow>
            <drow>
                <cell>696.0916</cell>
                <cell>673.8017</cell>
                <cell>768.064</cell>
                <cell>710.434</cell>
                <cell>563.3818</cell>
                <cell>610.3392</cell>
                <cell>750.8096</cell>
                <cell>747.3913</cell>
                <cell>781.3747</cell>
                <cell>701.6818</cell>
                <cell>870.6841</cell>
                <cell>848.4132</cell>
            </drow>
            <drow>
                <cell>613.6801</cell>
                <cell>528.3678</cell>
                <cell>648.452</cell>
                <cell>589.5508</cell>
                <cell>538.0977</cell>
                <cell>564.6654</cell>
                <cell>635.8886</cell>
                <cell>576.2195</cell>
                <cell>469.9424</cell>
                <cell>552.6551</cell>
                <cell>606.4851</cell>
                <cell>726.1603</cell>
            </drow>
            <drow>
                <cell>60.2108</cell>
                <cell>83.9838</cell>
                <cell>60.9422</cell>
                <cell>76.2301</cell>
                <cell>85.2232</cell>
                <cell>56.8468</cell>
                <cell>78.5509</cell>
                <cell>48.7899</cell>
                <cell>95.7682</cell>
                <cell>81.3182</cell>
                <cell>107.2197</cell>
                <cell>69.0582</cell>
            </drow>
            <drow>
                <cell>85.6283</cell>
                <cell>123.4843</cell>
                <cell>110.1535</cell>
                <cell>68.3166</cell>
                <cell>89.6826</cell>
                <cell>93.0937</cell>
                <cell>45.5829</cell>
                <cell>48.2656</cell>
                <cell>75.9753</cell>
                <cell>75.6028</cell>
                <cell>120.0979</cell>
                <cell>121.8287</cell>
            </drow>
            <drow>
                <cell>86.9161</cell>
                <cell>101.3084</cell>
                <cell>166.7541</cell>
                <cell>68.4241</cell>
                <cell>89.7237</cell>
                <cell>97.2073</cell>
                <cell>115.0459</cell>
                <cell>115.7291</cell>
                <cell>80.2812</cell>
                <cell>75.5105</cell>
                <cell>86.7268</cell>
                <cell>101.3341</cell>
            </drow>
            <drow>
                <cell>609.086</cell>
                <cell>476.658</cell>
                <cell>692.2964</cell>
                <cell>495.9417</cell>
                <cell>613.9622</cell>
                <cell>602.864</cell>
                <cell>618.5276</cell>
                <cell>542.5662</cell>
                <cell>504.9223</cell>
                <cell>622.4763</cell>
                <cell>639.4781</cell>
                <cell>728.0625</cell>
            </drow>
            <drow>
                <cell>129.9377</cell>
                <cell>139.2354</cell>
                <cell>215.4294</cell>
                <cell>145.7417</cell>
                <cell>207.2932</cell>
                <cell>140.5427</cell>
                <cell>176.6702</cell>
                <cell>152.1465</cell>
                <cell>111.1513</cell>
                <cell>149.6635</cell>
                <cell>212.5535</cell>
                <cell>227.8394</cell>
            </drow>
            <drow>
                <cell>162.6998</cell>
                <cell>192.7033</cell>
                <cell>116.0817</cell>
                <cell>117.978</cell>
                <cell>171.4931</cell>
                <cell>200.4298</cell>
                <cell>186.2395</cell>
                <cell>173.9461</cell>
                <cell>154.3124</cell>
                <cell>84.8437</cell>
                <cell>208.8833</cell>
                <cell>219.6385</cell>
            </drow>
            <drow>
                <cell>288.1249</cell>
                <cell>278.2837</cell>
                <cell>336.5121</cell>
                <cell>275.7884</cell>
                <cell>283.3634</cell>
                <cell>308.8279</cell>
                <cell>340.4914</cell>
                <cell>295.1553</cell>
                <cell>286.211</cell>
                <cell>302.4129</cell>
                <cell>322.9848</cell>
                <cell>336.9226</cell>
            </drow>
            <drow>
                <cell>314.0496</cell>
                <cell>387.7057</cell>
                <cell>447.3017</cell>
                <cell>387.7584</cell>
                <cell>406.3162</cell>
                <cell>381.7473</cell>
                <cell>453.085</cell>
                <cell>379.6961</cell>
                <cell>356.2</cell>
                <cell>404.7564</cell>
                <cell>438.1077</cell>
                <cell>442.7762</cell>
            </drow>
            <drow>
                <cell>67.8979</cell>
                <cell>62.3019</cell>
                <cell>70.5731</cell>
                <cell>37.2127</cell>
                <cell>53.4101</cell>
                <cell>57.6187</cell>
                <cell>63.951</cell>
                <cell>58.8285</cell>
                <cell>45.9784</cell>
                <cell>46.3418</cell>
                <cell>51.7865</cell>
                <cell>69.5691</cell>
            </drow>
            <drow>
                <cell>66.7273</cell>
                <cell>40.3493</cell>
                <cell>73.5416</cell>
                <cell>57.401</cell>
                <cell>80.4566</cell>
                <cell>93.402</cell>
                <cell>73.307</cell>
                <cell>72.1824</cell>
                <cell>80.4791</cell>
                <cell>45.0073</cell>
                <cell>62.0794</cell>
                <cell>74.9058</cell>
            </drow>
            <drow>
                <cell>411.6464</cell>
                <cell>364.8927</cell>
                <cell>372.1832</cell>
                <cell>361.865</cell>
                <cell>341.0528</cell>
                <cell>278.0904</cell>
                <cell>367.2833</cell>
                <cell>346.5352</cell>
                <cell>362.9172</cell>
                <cell>324.1082</cell>
                <cell>398.9824</cell>
                <cell>324.1725</cell>
            </drow>
            <drow>
                <cell>831.0281</cell>
                <cell>820.6843</cell>
                <cell>943.0276</cell>
                <cell>736.1872</cell>
                <cell>669.7716</cell>
                <cell>693.3041</cell>
                <cell>779.968</cell>
                <cell>826.0957</cell>
                <cell>836.2413</cell>
                <cell>675.5243</cell>
                <cell>885.617</cell>
                <cell>1039.1276</cell>
            </drow>
            <drow>
                <cell>143.9283</cell>
                <cell>162.3688</cell>
                <cell>226.2726</cell>
                <cell>143.0092</cell>
                <cell>173.8668</cell>
                <cell>170.591</cell>
                <cell>198.4942</cell>
                <cell>177.6213</cell>
                <cell>175.0756</cell>
                <cell>197.397</cell>
                <cell>170.9692</cell>
                <cell>243.3939</cell>
            </drow>
            <drow>
                <cell>379.3286</cell>
                <cell>460.3587</cell>
                <cell>437.377</cell>
                <cell>521.6231</cell>
                <cell>406.3436</cell>
                <cell>448.7946</cell>
                <cell>570.6759</cell>
                <cell>394.8839</cell>
                <cell>425.9775</cell>
                <cell>464.9088</cell>
                <cell>575.6985</cell>
                <cell>462.9333</cell>
            </drow>
            <drow>
                <cell>820.4514</cell>
                <cell>639.8037</cell>
                <cell>789.0168</cell>
                <cell>744.6238</cell>
                <cell>737.8146</cell>
                <cell>674.7847</cell>
                <cell>832.2192</cell>
                <cell>693.1278</cell>
                <cell>743.9836</cell>
                <cell>662.4694</cell>
                <cell>825.1455</cell>
                <cell>1114.07</cell>
            </drow>
            <drow>
                <cell>337.1681</cell>
                <cell>257.0272</cell>
                <cell>301.4177</cell>
                <cell>308.7014</cell>
                <cell>214.197</cell>
                <cell>388.8587</cell>
                <cell>323.4775</cell>
                <cell>350.882</cell>
                <cell>265.3898</cell>
                <cell>304.4622</cell>
                <cell>354.4163</cell>
                <cell>388.1432</cell>
            </drow>
            <drow>
                <cell>476.7394</cell>
                <cell>387.2829</cell>
                <cell>488.46</cell>
                <cell>417.1964</cell>
                <cell>451.0644</cell>
                <cell>466.5242</cell>
                <cell>504.6804</cell>
                <cell>496.1921</cell>
                <cell>399.371</cell>
                <cell>447.7535</cell>
                <cell>450.2832</cell>
                <cell>456.6602</cell>
            </drow>
        </data>
    </dataResult>
</mdbTest>
