<?xml version="1.0" encoding="UTF-8"?>
<mdbTest>
    <mdxQuery>SELECT {Store, Store.LastChild, Store.[All Stores].LastChild, Store.[USA].[CA].[San Francisco].LastChild} ON Columns,
       {Product, Product.LastChild, Product.[Drink].LastChild, Product.[Food].[Deli].[Meat].[Bologna].[American].LastChild } ON Rows
FROM [Sales]
WHERE([Measures].[Unit Sales], [Time].[1997], [Store Size in SQFT].[All Store Size in SQFTs], [Store Type].[All Store Types], [Promotions].[You Save Days], [Customers].[All Customers], [Education Level].[All Education Levels], [Marital Status].[All Marital Status], [Yearly Income].[All Yearly Incomes], [Promotion Media].[All Media], [Gender].[F])</mdxQuery>
    <dataResult>
        <slicer>
            <dimensions>
                <dim>[Measures]</dim>
                <dim>[Time]</dim>
                <dim>[Store Size in SQFT]</dim>
                <dim>[Store Type]</dim>
                <dim>[Promotions]</dim>
                <dim>[Customers]</dim>
                <dim>[Education Level]</dim>
                <dim>[Marital Status]</dim>
                <dim>[Yearly Income]</dim>
                <dim>[Promotion Media]</dim>
                <dim>[Gender]</dim>
            </dimensions>
            <tuples>
                <tuple>
                    <member>[Measures].[Unit Sales]</member>
                    <member>[Time].[1997]</member>
                    <member>[Store Size in SQFT].[All Store Size in SQFTs]</member>
                    <member>[Store Type].[All Store Types]</member>
                    <member>[Promotions].[You Save Days]</member>
                    <member>[Customers].[All Customers]</member>
                    <member>[Education Level].[All Education Levels]</member>
                    <member>[Marital Status].[All Marital Status]</member>
                    <member>[Yearly Income].[All Yearly Incomes]</member>
                    <member>[Promotion Media].[All Media]</member>
                    <member>[Gender].[F]</member>
                </tuple>
            </tuples>
        </slicer>
        <columns>
            <dimensions>
                <dim>[Store]</dim>
            </dimensions>
            <tuples>
                <tuple>
                    <member>[Store].[All Stores]</member>
                </tuple>
                <tuple>
                    <member>[Store].[USA]</member>
                </tuple>
                <tuple>
                    <member>[Store].[USA]</member>
                </tuple>
                <tuple>
                    <member>[Store].[USA].[CA].[San Francisco].[Store 14]</member>
                </tuple>
            </tuples>
        </columns>
        <rows>
            <dimensions>
                <dim>[Product]</dim>
            </dimensions>
            <tuples>
                <tuple>
                    <member>[Product].[All Products]</member>
                </tuple>
                <tuple>
                    <member>[Product].[Non-Consumable]</member>
                </tuple>
                <tuple>
                    <member>[Product].[Drink].[Dairy]</member>
                </tuple>
                <tuple>
                    <member>[Product].[Food].[Deli].[Meat].[Bologna].[American].[American Pimento Loaf]</member>
                </tuple>
            </tuples>
        </rows>
        <data>
            <drow>
                <cell>1634.0</cell>
                <cell>1634.0</cell>
                <cell>1634.0</cell>
                <cell>#Missing</cell>
            </drow>
            <drow>
                <cell>345.0</cell>
                <cell>345.0</cell>
                <cell>345.0</cell>
                <cell>#Missing</cell>
            </drow>
            <drow>
                <cell>36.0</cell>
                <cell>36.0</cell>
                <cell>36.0</cell>
                <cell>#Missing</cell>
            </drow>
            <drow>
                <cell>6.0</cell>
                <cell>6.0</cell>
                <cell>6.0</cell>
                <cell>#Missing</cell>
            </drow>
        </data>
    </dataResult>
</mdbTest>
