<?xml version="1.0" encoding="UTF-8"?>
<mdbTest>
    <mdxQuery>SELECT {[Product], [Product].Children} ON AXIS(0),
       {[Time].[1997].[Q1].[1].NextMember, [Time].[1997].[Q1].[2].NextMember} ON AXIS(1)
FROM [Sales]
WHERE [Marital Status].[M].NextMember</mdxQuery>
    <dataResult>
        <slicer>
            <dimensions>
                <dim>[Measures]</dim>
                <dim>[Store]</dim>
                <dim>[Store Size in SQFT]</dim>
                <dim>[Store Type]</dim>
                <dim>[Promotions]</dim>
                <dim>[Customers]</dim>
                <dim>[Education Level]</dim>
                <dim>[Marital Status]</dim>
                <dim>[Yearly Income]</dim>
                <dim>[Promotion Media]</dim>
                <dim>[Gender]</dim>
            </dimensions>
            <tuples>
                <tuple>
                    <member>[Measures].[Unit Sales]</member>
                    <member>[Store].[All Stores]</member>
                    <member>[Store Size in SQFT].[All Store Size in SQFTs]</member>
                    <member>[Store Type].[All Store Types]</member>
                    <member>[Promotions].[All Promotions]</member>
                    <member>[Customers].[All Customers]</member>
                    <member>[Education Level].[All Education Levels]</member>
                    <member>[Marital Status].[S]</member>
                    <member>[Yearly Income].[All Yearly Incomes]</member>
                    <member>[Promotion Media].[All Media]</member>
                    <member>[Gender].[All Gender]</member>
                </tuple>
            </tuples>
        </slicer>
        <columns>
            <dimensions>
                <dim>[Product]</dim>
            </dimensions>
            <tuples>
                <tuple>
                    <member>[Product].[All Products]</member>
                </tuple>
                <tuple>
                    <member>[Product].[Drink]</member>
                </tuple>
                <tuple>
                    <member>[Product].[Food]</member>
                </tuple>
                <tuple>
                    <member>[Product].[Non-Consumable]</member>
                </tuple>
            </tuples>
        </columns>
        <rows>
            <dimensions>
                <dim>[Time]</dim>
            </dimensions>
            <tuples>
                <tuple>
                    <member>[Time].[1997].[Q1].[2]</member>
                </tuple>
                <tuple>
                    <member>[Time].[1997].[Q1].[3]</member>
                </tuple>
            </tuples>
        </rows>
        <data>
            <drow>
                <cell>10466.0</cell>
                <cell>954.0</cell>
                <cell>7555.0</cell>
                <cell>1957.0</cell>
            </drow>
            <drow>
                <cell>12073.0</cell>
                <cell>1054.0</cell>
                <cell>8659.0</cell>
                <cell>2360.0</cell>
            </drow>
        </data>
    </dataResult>
</mdbTest>
