<?xml version="1.0" encoding="UTF-8"?>
<mdbTest>
    <mdxQuery>SELECT     {[Time].[1997].[Q1]} ON COLUMNS,     bottomcount({[Store].[USA].[CA].[Beverly Hills], [Store].[USA].[CA].[Los Angeles], [Store].[USA].[CA].[San Diego], [Store].[USA].[CA].[San Francisco], [Store].[USA].[OR].[Portland], [Store].[All Stores].[USA].[OR].[Salem], [Store].[All Stores].[USA].[WA].[Bellingham], [Store].[All Stores].[USA].[WA].[Bremerton], [Store].[All Stores].[USA].[WA].[Seattle], [Store].[All Stores].[USA].[WA].[Spokane], [Store].[All Stores].[USA].[WA].[Tacoma], [Store].[All Stores].[USA].[WA].[Walla Walla], [Store].[All Stores].[USA].[WA].[Yakima]},         3,         [Measures].[Customer Count]) ON ROWS FROM [Sales] WHERE([Measures].[Unit Sales])</mdxQuery>
    <dataResult>
        <slicer>
            <dimensions>
                <dim>[Measures]</dim>
                <dim>[Product]</dim>
                <dim>[Store Size in SQFT]</dim>
                <dim>[Store Type]</dim>
                <dim>[Promotions]</dim>
                <dim>[Customers]</dim>
                <dim>[Education Level]</dim>
                <dim>[Marital Status]</dim>
                <dim>[Yearly Income]</dim>
                <dim>[Promotion Media]</dim>
                <dim>[Gender]</dim>
            </dimensions>
            <tuples>
                <tuple>
                    <member>[Measures].[Unit Sales]</member>
                    <member>[Product].[All Products]</member>
                    <member>[Store Size in SQFT].[All Store Size in SQFTs]</member>
                    <member>[Store Type].[All Store Types]</member>
                    <member>[Promotions].[All Promotions]</member>
                    <member>[Customers].[All Customers]</member>
                    <member>[Education Level].[All Education Levels]</member>
                    <member>[Marital Status].[All Marital Status]</member>
                    <member>[Yearly Income].[All Yearly Incomes]</member>
                    <member>[Promotion Media].[All Media]</member>
                    <member>[Gender].[All Gender]</member>
                </tuple>
            </tuples>
        </slicer>
        <columns>
            <dimensions>
                <dim>[Time]</dim>
            </dimensions>
            <tuples>
                <tuple>
                    <member>[Time].[1997].[Q1]</member>
                </tuple>
            </tuples>
        </columns>
        <rows>
            <dimensions>
                <dim>[Store]</dim>
            </dimensions>
            <tuples>
                <tuple>
                    <member>[Store].[USA].[WA].[Spokane]</member>
                </tuple>
                <tuple>
                    <member>[Store].[USA].[WA].[Yakima]</member>
                </tuple>
                <tuple>
                    <member>[Store].[USA].[WA].[Walla Walla]</member>
                </tuple>
            </tuples>
        </rows>
        <data>
            <drow>
                <cell>5607.0</cell>
            </drow>
            <drow>
                <cell>3096.0</cell>
            </drow>
            <drow>
                <cell>500.0</cell>
            </drow>
        </data>
    </dataResult>
</mdbTest>
